time,age,gender,year
02:30:41,30-34,Women,1996
02:31:06,30-34,Women,1996
02:33:01,35-39,Women,1996
02:33:53,35-39,Women,1996
02:39:18,30-34,Women,1996
02:39:23,30-34,Women,1996
02:39:36,35-39,Women,1996
02:42:00,35-39,Women,1996
02:42:39,30-34,Women,1996
02:44:21,25-29,Women,1996
02:44:29,35-39,Women,1996
02:46:36,30-34,Women,1996
02:48:47,35-39,Women,1996
02:51:29,25-29,Women,1996
02:51:55,30-34,Women,1996
02:55:01,30-34,Women,1996
02:55:58,40-44,Women,1996
02:56:03,20-24,Women,1996
02:56:34,20-24,Women,1996
02:57:51,25-29,Women,1996
02:58:43,35-39,Women,1996
03:01:35,25-29,Women,1996
03:03:11,25-29,Women,1996
03:03:58,35-39,Women,1996
03:03:59,40-44,Women,1996
03:04:08,20-24,Women,1996
03:04:13,25-29,Women,1996
03:04:18,25-29,Women,1996
03:04:29,25-29,Women,1996
03:04:34,45-49,Women,1996
03:04:36,30-34,Women,1996
03:04:59,30-34,Women,1996
03:07:49,25-29,Women,1996
03:08:59,35-39,Women,1996
03:09:09,25-29,Women,1996
03:09:48,30-34,Women,1996
03:11:33,25-29,Women,1996
03:12:00,35-39,Women,1996
03:12:06,25-29,Women,1996
03:12:38,40-44,Women,1996
03:12:50,35-39,Women,1996
03:12:51,20-24,Women,1996
03:13:47,30-34,Women,1996
03:14:11,25-29,Women,1996
03:14:12,45-49,Women,1996
03:14:44,25-29,Women,1996
03:15:31,20-24,Women,1996
03:15:42,35-39,Women,1996
03:16:01,25-29,Women,1996
03:16:02,25-29,Women,1996
03:16:45,25-29,Women,1996
03:16:55,25-29,Women,1996
03:17:11,30-34,Women,1996
03:17:33,35-39,Women,1996
03:17:38,35-39,Women,1996
03:18:06,30-34,Women,1996
03:18:20,35-39,Women,1996
03:18:24,30-34,Women,1996
03:18:43,35-39,Women,1996
03:18:47,30-34,Women,1996
03:18:52,25-29,Women,1996
03:19:35,25-29,Women,1996
03:19:36,35-39,Women,1996
03:19:45,25-29,Women,1996
03:19:59,25-29,Women,1996
03:20:02,25-29,Women,1996
03:20:15,35-39,Women,1996
03:20:23,30-34,Women,1996
03:20:27,30-34,Women,1996
03:20:30,30-34,Women,1996
03:20:37,35-39,Women,1996
03:20:45,55-59,Women,1996
03:20:53,30-34,Women,1996
03:20:54,30-34,Women,1996
03:20:55,30-34,Women,1996
03:20:56,20-24,Women,1996
03:21:34,20-24,Women,1996
03:21:39,30-34,Women,1996
03:21:50,25-29,Women,1996
03:21:50,20-24,Women,1996
03:22:28,20-24,Women,1996
03:22:38,20-24,Women,1996
03:22:45,40-44,Women,1996
03:22:48,30-34,Women,1996
03:22:49,35-39,Women,1996
03:22:54,45-49,Women,1996
03:23:02,25-29,Women,1996
03:23:16,25-29,Women,1996
03:23:18,30-34,Women,1996
03:23:39,20-24,Women,1996
03:24:20,35-39,Women,1996
03:24:34,25-29,Women,1996
03:24:37,30-34,Women,1996
03:24:39,25-29,Women,1996
03:24:49,35-39,Women,1996
03:24:55,45-49,Women,1996
03:25:13,20-24,Women,1996
03:25:32,25-29,Women,1996
03:25:35,35-39,Women,1996
03:25:43,35-39,Women,1996
03:25:48,30-34,Women,1996
03:25:55,35-39,Women,1996
03:26:08,30-34,Women,1996
03:26:17,40-44,Women,1996
03:26:22,20-24,Women,1996
03:26:39,25-29,Women,1996
03:26:41,30-34,Women,1996
03:26:42,25-29,Women,1996
03:26:52,30-34,Women,1996
03:27:15,25-29,Women,1996
03:27:22,25-29,Women,1996
03:27:30,20-24,Women,1996
03:27:37,35-39,Women,1996
03:27:47,40-44,Women,1996
03:27:50,20-24,Women,1996
03:27:58,30-34,Women,1996
03:28:05,25-29,Women,1996
03:28:07,50-54,Women,1996
03:28:15,25-29,Women,1996
03:28:23,25-29,Women,1996
03:28:25,35-39,Women,1996
03:28:31,20-24,Women,1996
03:28:38,40-44,Women,1996
03:29:14,25-29,Women,1996
03:29:19,35-39,Women,1996
03:29:21,35-39,Women,1996
03:29:24,35-39,Women,1996
03:29:25,20-24,Women,1996
03:29:31,25-29,Women,1996
03:29:33,25-29,Women,1996
03:29:39,25-29,Women,1996
03:29:40,25-29,Women,1996
03:30:14,40-44,Women,1996
03:30:25,30-34,Women,1996
03:30:29,30-34,Women,1996
03:30:34,40-44,Women,1996
03:30:39,30-34,Women,1996
03:30:46,25-29,Women,1996
03:30:49,35-39,Women,1996
03:30:56,30-34,Women,1996
03:30:57,30-34,Women,1996
03:31:04,20-24,Women,1996
03:31:07,30-34,Women,1996
03:31:09,55-59,Women,1996
03:31:14,25-29,Women,1996
03:31:18,25-29,Women,1996
03:31:22,25-29,Women,1996
03:31:24,30-34,Women,1996
03:31:38,40-44,Women,1996
03:31:40,40-44,Women,1996
03:31:48,20-24,Women,1996
03:31:51,30-34,Women,1996
03:31:55,35-39,Women,1996
03:32:01,35-39,Women,1996
03:32:06,40-44,Women,1996
03:32:09,20-24,Women,1996
03:32:19,35-39,Women,1996
03:32:27,30-34,Women,1996
03:32:29,30-34,Women,1996
03:32:34,30-34,Women,1996
03:32:54,25-29,Women,1996
03:32:57,35-39,Women,1996
03:32:59,25-29,Women,1996
03:33:18,45-49,Women,1996
03:33:21,20-24,Women,1996
03:33:23,20-24,Women,1996
03:33:38,25-29,Women,1996
03:33:55,30-34,Women,1996
03:34:14,50-54,Women,1996
03:34:15,30-34,Women,1996
03:34:16,30-34,Women,1996
03:34:27,25-29,Women,1996
03:34:35,35-39,Women,1996
03:34:37,35-39,Women,1996
03:34:44,50-54,Women,1996
03:34:47,25-29,Women,1996
03:35:05,30-34,Women,1996
03:35:06,30-34,Women,1996
03:35:16,35-39,Women,1996
03:35:19,25-29,Women,1996
03:35:26,25-29,Women,1996
03:35:38,40-44,Women,1996
03:35:40,45-49,Women,1996
03:35:44,30-34,Women,1996
03:35:45,30-34,Women,1996
03:35:55,25-29,Women,1996
03:36:06,20-24,Women,1996
03:36:12,25-29,Women,1996
03:36:15,25-29,Women,1996
03:36:17,25-29,Women,1996
03:36:22,40-44,Women,1996
03:36:25,25-29,Women,1996
03:36:26,35-39,Women,1996
03:36:26,25-29,Women,1996
03:36:29,40-44,Women,1996
03:36:32,35-39,Women,1996
03:36:34,25-29,Women,1996
03:36:48,25-29,Women,1996
03:37:11,35-39,Women,1996
03:37:23,25-29,Women,1996
03:37:25,30-34,Women,1996
03:37:31,35-39,Women,1996
03:37:39,35-39,Women,1996
03:37:45,35-39,Women,1996
03:37:48,25-29,Women,1996
03:37:50,35-39,Women,1996
03:37:52,25-29,Women,1996
03:37:54,25-29,Women,1996
03:37:59,20-24,Women,1996
03:38:00,30-34,Women,1996
03:38:10,25-29,Women,1996
03:38:13,30-34,Women,1996
03:38:18,20-24,Women,1996
03:38:22,25-29,Women,1996
03:38:24,40-44,Women,1996
03:38:26,45-49,Women,1996
03:38:28,20-24,Women,1996
03:38:31,40-44,Women,1996
03:38:33,35-39,Women,1996
03:38:41,35-39,Women,1996
03:38:51,25-29,Women,1996
03:38:52,40-44,Women,1996
03:38:53,20-24,Women,1996
03:38:54,30-34,Women,1996
03:38:58,25-29,Women,1996
03:39:00,25-29,Women,1996
03:39:02,30-34,Women,1996
03:39:04,35-39,Women,1996
03:39:05,25-29,Women,1996
03:39:11,19 and under,Women,1996
03:39:12,35-39,Women,1996
03:39:19,30-34,Women,1996
03:39:23,25-29,Women,1996
03:39:27,25-29,Women,1996
03:39:31,25-29,Women,1996
03:39:34,35-39,Women,1996
03:39:36,25-29,Women,1996
03:39:42,40-44,Women,1996
03:39:44,30-34,Women,1996
03:39:46,30-34,Women,1996
03:39:48,35-39,Women,1996
03:39:49,30-34,Women,1996
03:39:50,40-44,Women,1996
03:39:51,30-34,Women,1996
03:39:55,35-39,Women,1996
03:39:56,20-24,Women,1996
03:39:57,25-29,Women,1996
03:39:59,30-34,Women,1996
03:40:02,35-39,Women,1996
03:40:03,25-29,Women,1996
03:40:13,25-29,Women,1996
03:40:20,25-29,Women,1996
03:40:22,35-39,Women,1996
03:40:23,40-44,Women,1996
03:40:30,35-39,Women,1996
03:40:36,20-24,Women,1996
03:40:37,25-29,Women,1996
03:40:38,20-24,Women,1996
03:40:39,25-29,Women,1996
03:40:40,35-39,Women,1996
03:40:41,20-24,Women,1996
03:40:50,25-29,Women,1996
03:40:55,30-34,Women,1996
03:41:05,30-34,Women,1996
03:41:05,25-29,Women,1996
03:41:07,25-29,Women,1996
03:41:10,35-39,Women,1996
03:41:10,20-24,Women,1996
03:41:17,20-24,Women,1996
03:41:21,35-39,Women,1996
03:41:22,40-44,Women,1996
03:41:33,30-34,Women,1996
03:41:34,35-39,Women,1996
03:41:37,20-24,Women,1996
03:41:41,25-29,Women,1996
03:41:45,20-24,Women,1996
03:41:53,35-39,Women,1996
03:41:55,25-29,Women,1996
03:41:56,50-54,Women,1996
03:41:56,20-24,Women,1996
03:42:02,25-29,Women,1996
03:42:04,45-49,Women,1996
03:42:06,30-34,Women,1996
03:42:07,30-34,Women,1996
03:42:08,30-34,Women,1996
03:42:23,30-34,Women,1996
03:42:38,20-24,Women,1996
03:42:47,45-49,Women,1996
03:42:50,25-29,Women,1996
03:42:51,25-29,Women,1996
03:42:53,35-39,Women,1996
03:42:54,30-34,Women,1996
03:42:59,45-49,Women,1996
03:43:03,20-24,Women,1996
03:43:06,20-24,Women,1996
03:43:09,25-29,Women,1996
03:43:13,30-34,Women,1996
03:43:16,30-34,Women,1996
03:43:19,25-29,Women,1996
03:43:22,30-34,Women,1996
03:43:25,40-44,Women,1996
03:43:28,35-39,Women,1996
03:43:29,30-34,Women,1996
03:43:29,25-29,Women,1996
03:43:31,35-39,Women,1996
03:43:32,45-49,Women,1996
03:43:33,30-34,Women,1996
03:43:38,20-24,Women,1996
03:43:40,35-39,Women,1996
03:43:42,40-44,Women,1996
03:43:50,30-34,Women,1996
03:43:54,40-44,Women,1996
03:43:54,40-44,Women,1996
03:44:01,25-29,Women,1996
03:44:03,20-24,Women,1996
03:44:14,20-24,Women,1996
03:44:14,40-44,Women,1996
03:44:21,45-49,Women,1996
03:44:26,35-39,Women,1996
03:44:26,30-34,Women,1996
03:44:43,35-39,Women,1996
03:44:51,20-24,Women,1996
03:44:52,35-39,Women,1996
03:45:12,25-29,Women,1996
03:45:16,25-29,Women,1996
03:45:19,45-49,Women,1996
03:45:24,50-54,Women,1996
03:45:26,25-29,Women,1996
03:45:28,45-49,Women,1996
03:45:30,30-34,Women,1996
03:45:33,30-34,Women,1996
03:45:34,25-29,Women,1996
03:45:37,20-24,Women,1996
03:45:39,25-29,Women,1996
03:45:39,30-34,Women,1996
03:45:44,30-34,Women,1996
03:45:44,20-24,Women,1996
03:45:44,20-24,Women,1996
03:45:47,30-34,Women,1996
03:45:50,25-29,Women,1996
03:45:51,30-34,Women,1996
03:45:53,40-44,Women,1996
03:45:54,30-34,Women,1996
03:46:02,30-34,Women,1996
03:46:08,30-34,Women,1996
03:46:09,20-24,Women,1996
03:46:14,20-24,Women,1996
03:46:21,30-34,Women,1996
03:46:25,30-34,Women,1996
03:46:27,25-29,Women,1996
03:46:28,45-49,Women,1996
03:46:29,19 and under,Women,1996
03:46:30,35-39,Women,1996
03:46:31,20-24,Women,1996
03:46:38,35-39,Women,1996
03:46:39,35-39,Women,1996
03:46:40,20-24,Women,1996
03:46:41,25-29,Women,1996
03:46:44,25-29,Women,1996
03:46:46,20-24,Women,1996
03:46:53,25-29,Women,1996
03:46:54,30-34,Women,1996
03:46:54,30-34,Women,1996
03:47:04,25-29,Women,1996
03:47:09,30-34,Women,1996
03:47:10,30-34,Women,1996
03:47:10,45-49,Women,1996
03:47:43,50-54,Women,1996
03:47:46,25-29,Women,1996
03:48:00,30-34,Women,1996
03:48:01,20-24,Women,1996
03:48:04,25-29,Women,1996
03:48:07,25-29,Women,1996
03:48:09,30-34,Women,1996
03:48:14,35-39,Women,1996
03:48:22,25-29,Women,1996
03:48:24,35-39,Women,1996
03:48:25,30-34,Women,1996
03:48:26,25-29,Women,1996
03:48:27,30-34,Women,1996
03:48:28,35-39,Women,1996
03:48:30,20-24,Women,1996
03:48:30,20-24,Women,1996
03:48:32,20-24,Women,1996
03:48:35,35-39,Women,1996
03:48:36,35-39,Women,1996
03:48:42,25-29,Women,1996
03:48:45,25-29,Women,1996
03:48:51,30-34,Women,1996
03:48:54,30-34,Women,1996
03:48:55,25-29,Women,1996
03:48:56,30-34,Women,1996
03:49:00,35-39,Women,1996
03:49:01,20-24,Women,1996
03:49:01,30-34,Women,1996
03:49:03,25-29,Women,1996
03:49:07,30-34,Women,1996
03:49:08,40-44,Women,1996
03:49:10,25-29,Women,1996
03:49:11,20-24,Women,1996
03:49:14,20-24,Women,1996
03:49:19,30-34,Women,1996
03:49:19,35-39,Women,1996
03:49:21,35-39,Women,1996
03:49:22,40-44,Women,1996
03:49:22,20-24,Women,1996
03:49:23,25-29,Women,1996
03:49:25,25-29,Women,1996
03:49:28,45-49,Women,1996
03:49:32,40-44,Women,1996
03:49:37,35-39,Women,1996
03:49:38,25-29,Women,1996
03:49:39,45-49,Women,1996
03:49:41,25-29,Women,1996
03:49:45,45-49,Women,1996
03:49:46,35-39,Women,1996
03:49:57,25-29,Women,1996
03:49:59,30-34,Women,1996
03:50:01,25-29,Women,1996
03:50:08,20-24,Women,1996
03:50:09,25-29,Women,1996
03:50:10,20-24,Women,1996
03:50:16,25-29,Women,1996
03:50:19,30-34,Women,1996
03:50:23,20-24,Women,1996
03:50:29,20-24,Women,1996
03:50:32,60-64,Women,1996
03:50:39,20-24,Women,1996
03:50:47,35-39,Women,1996
03:50:51,30-34,Women,1996
03:51:02,30-34,Women,1996
03:51:03,25-29,Women,1996
03:51:04,25-29,Women,1996
03:51:07,35-39,Women,1996
03:51:07,30-34,Women,1996
03:51:09,30-34,Women,1996
03:51:10,25-29,Women,1996
03:51:12,35-39,Women,1996
03:51:17,40-44,Women,1996
03:51:21,30-34,Women,1996
03:51:26,40-44,Women,1996
03:51:28,30-34,Women,1996
03:51:30,30-34,Women,1996
03:51:35,20-24,Women,1996
03:51:38,30-34,Women,1996
03:51:38,25-29,Women,1996
03:51:40,25-29,Women,1996
03:51:41,25-29,Women,1996
03:51:43,25-29,Women,1996
03:51:44,25-29,Women,1996
03:51:45,35-39,Women,1996
03:51:51,35-39,Women,1996
03:51:52,25-29,Women,1996
03:51:52,20-24,Women,1996
03:51:54,20-24,Women,1996
03:51:56,40-44,Women,1996
03:51:57,45-49,Women,1996
03:52:07,35-39,Women,1996
03:52:10,25-29,Women,1996
03:52:13,25-29,Women,1996
03:52:17,25-29,Women,1996
03:52:17,30-34,Women,1996
03:52:18,30-34,Women,1996
03:52:19,25-29,Women,1996
03:52:20,30-34,Women,1996
03:52:20,20-24,Women,1996
03:52:22,25-29,Women,1996
03:52:25,25-29,Women,1996
03:52:29,30-34,Women,1996
03:52:30,25-29,Women,1996
03:52:31,25-29,Women,1996
03:52:31,25-29,Women,1996
03:52:32,45-49,Women,1996
03:52:32,30-34,Women,1996
03:52:34,45-49,Women,1996
03:52:38,35-39,Women,1996
03:52:44,30-34,Women,1996
03:52:50,35-39,Women,1996
03:52:52,20-24,Women,1996
03:52:53,30-34,Women,1996
03:52:58,30-34,Women,1996
03:52:59,30-34,Women,1996
03:53:04,30-34,Women,1996
03:53:12,40-44,Women,1996
03:53:13,45-49,Women,1996
03:53:15,35-39,Women,1996
03:53:17,25-29,Women,1996
03:53:19,30-34,Women,1996
03:53:22,45-49,Women,1996
03:53:24,30-34,Women,1996
03:53:27,25-29,Women,1996
03:53:28,20-24,Women,1996
03:53:37,45-49,Women,1996
03:53:43,25-29,Women,1996
03:53:58,25-29,Women,1996
03:54:03,30-34,Women,1996
03:54:03,25-29,Women,1996
03:54:04,35-39,Women,1996
03:54:05,30-34,Women,1996
03:54:05,25-29,Women,1996
03:54:06,25-29,Women,1996
03:54:06,20-24,Women,1996
03:54:06,30-34,Women,1996
03:54:17,45-49,Women,1996
03:54:21,20-24,Women,1996
03:54:21,30-34,Women,1996
03:54:22,35-39,Women,1996
03:54:25,25-29,Women,1996
03:54:25,20-24,Women,1996
03:54:29,25-29,Women,1996
03:54:31,30-34,Women,1996
03:54:33,20-24,Women,1996
03:54:34,25-29,Women,1996
03:54:37,20-24,Women,1996
03:54:38,30-34,Women,1996
03:54:41,40-44,Women,1996
03:54:42,25-29,Women,1996
03:54:48,19 and under,Women,1996
03:54:49,25-29,Women,1996
03:54:52,20-24,Women,1996
03:54:57,35-39,Women,1996
03:54:57,30-34,Women,1996
03:54:58,30-34,Women,1996
03:55:00,19 and under,Women,1996
03:55:01,45-49,Women,1996
03:55:02,20-24,Women,1996
03:55:02,35-39,Women,1996
03:55:06,40-44,Women,1996
03:55:11,30-34,Women,1996
03:55:14,25-29,Women,1996
03:55:14,35-39,Women,1996
03:55:15,40-44,Women,1996
03:55:19,25-29,Women,1996
03:55:20,25-29,Women,1996
03:55:21,30-34,Women,1996
03:55:27,25-29,Women,1996
03:55:28,25-29,Women,1996
03:55:29,20-24,Women,1996
03:55:30,25-29,Women,1996
03:55:32,20-24,Women,1996
03:55:34,25-29,Women,1996
03:55:35,25-29,Women,1996
03:55:36,30-34,Women,1996
03:55:42,25-29,Women,1996
03:55:43,25-29,Women,1996
03:55:45,25-29,Women,1996
03:55:45,45-49,Women,1996
03:55:50,30-34,Women,1996
03:55:53,30-34,Women,1996
03:56:00,35-39,Women,1996
03:56:03,45-49,Women,1996
03:56:03,25-29,Women,1996
03:56:05,30-34,Women,1996
03:56:08,30-34,Women,1996
03:56:09,25-29,Women,1996
03:56:10,35-39,Women,1996
03:56:12,30-34,Women,1996
03:56:13,30-34,Women,1996
03:56:13,35-39,Women,1996
03:56:14,30-34,Women,1996
03:56:14,25-29,Women,1996
03:56:15,30-34,Women,1996
03:56:16,25-29,Women,1996
03:56:17,25-29,Women,1996
03:56:19,35-39,Women,1996
03:56:23,20-24,Women,1996
03:56:23,35-39,Women,1996
03:56:27,35-39,Women,1996
03:56:31,30-34,Women,1996
03:56:33,20-24,Women,1996
03:56:37,25-29,Women,1996
03:56:42,25-29,Women,1996
03:56:43,20-24,Women,1996
03:56:45,45-49,Women,1996
03:56:50,19 and under,Women,1996
03:56:51,45-49,Women,1996
03:56:51,25-29,Women,1996
03:56:51,20-24,Women,1996
03:56:55,20-24,Women,1996
03:56:56,25-29,Women,1996
03:56:58,25-29,Women,1996
03:56:59,25-29,Women,1996
03:57:00,25-29,Women,1996
03:57:04,25-29,Women,1996
03:57:09,30-34,Women,1996
03:57:11,35-39,Women,1996
03:57:14,25-29,Women,1996
03:57:14,30-34,Women,1996
03:57:16,50-54,Women,1996
03:57:18,40-44,Women,1996
03:57:25,25-29,Women,1996
03:57:26,30-34,Women,1996
03:57:27,25-29,Women,1996
03:57:29,30-34,Women,1996
03:57:30,20-24,Women,1996
03:57:32,25-29,Women,1996
03:57:32,25-29,Women,1996
03:57:35,25-29,Women,1996
03:57:37,25-29,Women,1996
03:57:47,25-29,Women,1996
03:57:48,25-29,Women,1996
03:57:49,25-29,Women,1996
03:57:49,25-29,Women,1996
03:57:53,30-34,Women,1996
03:57:55,20-24,Women,1996
03:57:55,25-29,Women,1996
03:57:56,25-29,Women,1996
03:57:56,45-49,Women,1996
03:57:56,30-34,Women,1996
03:57:57,35-39,Women,1996
03:57:58,30-34,Women,1996
03:57:59,20-24,Women,1996
03:57:59,20-24,Women,1996
03:58:01,30-34,Women,1996
03:58:01,20-24,Women,1996
03:58:02,30-34,Women,1996
03:58:03,35-39,Women,1996
03:58:05,20-24,Women,1996
03:58:09,30-34,Women,1996
03:58:10,20-24,Women,1996
03:58:13,30-34,Women,1996
03:58:14,20-24,Women,1996
03:58:15,40-44,Women,1996
03:58:16,25-29,Women,1996
03:58:17,40-44,Women,1996
03:58:18,35-39,Women,1996
03:58:19,40-44,Women,1996
03:58:20,20-24,Women,1996
03:58:20,25-29,Women,1996
03:58:28,40-44,Women,1996
03:58:31,40-44,Women,1996
03:58:33,19 and under,Women,1996
03:58:37,35-39,Women,1996
03:58:41,20-24,Women,1996
03:58:41,35-39,Women,1996
03:58:42,20-24,Women,1996
03:58:43,25-29,Women,1996
03:58:44,30-34,Women,1996
03:58:44,35-39,Women,1996
03:58:45,20-24,Women,1996
03:58:46,40-44,Women,1996
03:58:50,25-29,Women,1996
03:58:54,35-39,Women,1996
03:58:56,35-39,Women,1996
03:58:59,35-39,Women,1996
03:59:01,30-34,Women,1996
03:59:02,30-34,Women,1996
03:59:02,30-34,Women,1996
03:59:03,25-29,Women,1996
03:59:08,20-24,Women,1996
03:59:10,25-29,Women,1996
03:59:12,60-64,Women,1996
03:59:20,30-34,Women,1996
03:59:24,35-39,Women,1996
03:59:25,35-39,Women,1996
03:59:27,30-34,Women,1996
03:59:42,25-29,Women,1996
03:59:45,40-44,Women,1996
03:59:47,35-39,Women,1996
03:59:47,25-29,Women,1996
03:59:50,40-44,Women,1996
03:59:57,30-34,Women,1996
04:00:00,25-29,Women,1996
04:00:02,25-29,Women,1996
04:00:02,25-29,Women,1996
04:00:02,45-49,Women,1996
04:00:07,35-39,Women,1996
04:00:16,20-24,Women,1996
04:00:18,30-34,Women,1996
04:00:21,25-29,Women,1996
04:00:24,20-24,Women,1996
04:00:31,25-29,Women,1996
04:00:40,50-54,Women,1996
04:00:43,20-24,Women,1996
04:00:46,35-39,Women,1996
04:00:48,25-29,Women,1996
04:00:48,25-29,Women,1996
04:00:50,20-24,Women,1996
04:00:54,40-44,Women,1996
04:01:03,45-49,Women,1996
04:01:06,35-39,Women,1996
04:01:10,25-29,Women,1996
04:01:13,20-24,Women,1996
04:01:13,25-29,Women,1996
04:01:17,25-29,Women,1996
04:01:19,40-44,Women,1996
04:01:21,25-29,Women,1996
04:01:22,45-49,Women,1996
04:01:24,30-34,Women,1996
04:01:25,25-29,Women,1996
04:01:33,30-34,Women,1996
04:01:35,35-39,Women,1996
04:01:36,30-34,Women,1996
04:01:36,25-29,Women,1996
04:01:37,50-54,Women,1996
04:01:38,35-39,Women,1996
04:01:43,25-29,Women,1996
04:01:46,40-44,Women,1996
04:01:47,30-34,Women,1996
04:01:48,20-24,Women,1996
04:01:48,25-29,Women,1996
04:01:49,20-24,Women,1996
04:01:50,25-29,Women,1996
04:01:50,35-39,Women,1996
04:01:51,25-29,Women,1996
04:01:52,25-29,Women,1996
04:01:56,30-34,Women,1996
04:02:02,25-29,Women,1996
04:02:04,25-29,Women,1996
04:02:10,20-24,Women,1996
04:02:10,25-29,Women,1996
04:02:11,20-24,Women,1996
04:02:16,25-29,Women,1996
04:02:19,40-44,Women,1996
04:02:20,35-39,Women,1996
04:02:29,40-44,Women,1996
04:02:33,40-44,Women,1996
04:02:46,25-29,Women,1996
04:02:48,19 and under,Women,1996
04:02:50,25-29,Women,1996
04:02:52,20-24,Women,1996
04:02:54,20-24,Women,1996
04:02:54,25-29,Women,1996
04:02:55,40-44,Women,1996
04:02:57,25-29,Women,1996
04:03:03,35-39,Women,1996
04:03:04,30-34,Women,1996
04:03:09,40-44,Women,1996
04:03:14,25-29,Women,1996
04:03:18,20-24,Women,1996
04:03:19,25-29,Women,1996
04:03:20,25-29,Women,1996
04:03:21,45-49,Women,1996
04:03:28,25-29,Women,1996
04:03:33,25-29,Women,1996
04:03:36,30-34,Women,1996
04:03:38,25-29,Women,1996
04:03:42,20-24,Women,1996
04:03:43,35-39,Women,1996
04:03:45,30-34,Women,1996
04:03:58,19 and under,Women,1996
04:03:59,45-49,Women,1996
04:04:05,25-29,Women,1996
04:04:07,25-29,Women,1996
04:04:10,20-24,Women,1996
04:04:12,45-49,Women,1996
04:04:13,30-34,Women,1996
04:04:14,25-29,Women,1996
04:04:19,40-44,Women,1996
04:04:22,35-39,Women,1996
04:04:23,25-29,Women,1996
04:04:25,40-44,Women,1996
04:04:33,25-29,Women,1996
04:04:36,20-24,Women,1996
04:04:39,30-34,Women,1996
04:04:40,25-29,Women,1996
04:04:41,25-29,Women,1996
04:04:42,25-29,Women,1996
04:04:43,25-29,Women,1996
04:04:46,25-29,Women,1996
04:04:47,20-24,Women,1996
04:04:49,35-39,Women,1996
04:04:51,25-29,Women,1996
04:04:51,45-49,Women,1996
04:04:53,55-59,Women,1996
04:04:56,30-34,Women,1996
04:04:58,30-34,Women,1996
04:05:00,40-44,Women,1996
04:05:05,25-29,Women,1996
04:05:07,20-24,Women,1996
04:05:08,30-34,Women,1996
04:05:10,40-44,Women,1996
04:05:15,25-29,Women,1996
04:05:16,25-29,Women,1996
04:05:16,25-29,Women,1996
04:05:18,20-24,Women,1996
04:05:19,35-39,Women,1996
04:05:24,25-29,Women,1996
04:05:25,30-34,Women,1996
04:05:26,40-44,Women,1996
04:05:31,30-34,Women,1996
04:05:37,20-24,Women,1996
04:05:38,45-49,Women,1996
04:05:39,30-34,Women,1996
04:05:42,30-34,Women,1996
04:05:46,35-39,Women,1996
04:05:46,30-34,Women,1996
04:05:50,25-29,Women,1996
04:05:55,30-34,Women,1996
04:05:56,35-39,Women,1996
04:05:57,40-44,Women,1996
04:05:58,25-29,Women,1996
04:05:58,45-49,Women,1996
04:05:59,25-29,Women,1996
04:06:02,35-39,Women,1996
04:06:03,25-29,Women,1996
04:06:04,30-34,Women,1996
04:06:05,35-39,Women,1996
04:06:16,30-34,Women,1996
04:06:21,40-44,Women,1996
04:06:24,30-34,Women,1996
04:06:25,30-34,Women,1996
04:06:25,25-29,Women,1996
04:06:26,30-34,Women,1996
04:06:28,30-34,Women,1996
04:06:31,30-34,Women,1996
04:06:32,25-29,Women,1996
04:06:33,40-44,Women,1996
04:06:39,40-44,Women,1996
04:06:39,25-29,Women,1996
04:06:43,25-29,Women,1996
04:06:43,25-29,Women,1996
04:06:46,30-34,Women,1996
04:06:47,20-24,Women,1996
04:06:48,35-39,Women,1996
04:06:48,45-49,Women,1996
04:06:49,30-34,Women,1996
04:06:51,50-54,Women,1996
04:06:53,25-29,Women,1996
04:07:01,25-29,Women,1996
04:07:03,20-24,Women,1996
04:07:06,40-44,Women,1996
04:07:09,30-34,Women,1996
04:07:13,20-24,Women,1996
04:07:13,35-39,Women,1996
04:07:14,25-29,Women,1996
04:07:14,40-44,Women,1996
04:07:15,20-24,Women,1996
04:07:15,40-44,Women,1996
04:07:16,20-24,Women,1996
04:07:16,30-34,Women,1996
04:07:19,40-44,Women,1996
04:07:22,25-29,Women,1996
04:07:23,30-34,Women,1996
04:07:27,40-44,Women,1996
04:07:28,30-34,Women,1996
04:07:33,35-39,Women,1996
04:07:39,20-24,Women,1996
04:07:44,20-24,Women,1996
04:07:48,30-34,Women,1996
04:07:48,35-39,Women,1996
04:07:51,20-24,Women,1996
04:07:54,50-54,Women,1996
04:07:55,25-29,Women,1996
04:07:56,20-24,Women,1996
04:07:57,30-34,Women,1996
04:08:01,35-39,Women,1996
04:08:03,20-24,Women,1996
04:08:06,25-29,Women,1996
04:08:13,35-39,Women,1996
04:08:18,40-44,Women,1996
04:08:18,20-24,Women,1996
04:08:19,25-29,Women,1996
04:08:20,35-39,Women,1996
04:08:23,40-44,Women,1996
04:08:24,30-34,Women,1996
04:08:25,25-29,Women,1996
04:08:26,25-29,Women,1996
04:08:27,25-29,Women,1996
04:08:31,30-34,Women,1996
04:08:36,30-34,Women,1996
04:08:40,40-44,Women,1996
04:08:43,30-34,Women,1996
04:08:45,45-49,Women,1996
04:08:49,50-54,Women,1996
04:08:54,25-29,Women,1996
04:09:00,25-29,Women,1996
04:09:02,30-34,Women,1996
04:09:07,20-24,Women,1996
04:09:09,35-39,Women,1996
04:09:10,20-24,Women,1996
04:09:12,30-34,Women,1996
04:09:12,35-39,Women,1996
04:09:14,35-39,Women,1996
04:09:16,20-24,Women,1996
04:09:18,30-34,Women,1996
04:09:18,25-29,Women,1996
04:09:19,25-29,Women,1996
04:09:20,25-29,Women,1996
04:09:22,30-34,Women,1996
04:09:25,25-29,Women,1996
04:09:25,25-29,Women,1996
04:09:27,30-34,Women,1996
04:09:27,35-39,Women,1996
04:09:27,25-29,Women,1996
04:09:28,25-29,Women,1996
04:09:29,30-34,Women,1996
04:09:30,40-44,Women,1996
04:09:30,40-44,Women,1996
04:09:33,50-54,Women,1996
04:09:33,35-39,Women,1996
04:09:40,25-29,Women,1996
04:09:42,25-29,Women,1996
04:09:43,25-29,Women,1996
04:09:45,35-39,Women,1996
04:09:47,25-29,Women,1996
04:09:49,30-34,Women,1996
04:09:51,25-29,Women,1996
04:09:52,40-44,Women,1996
04:09:55,40-44,Women,1996
04:09:57,35-39,Women,1996
04:09:57,40-44,Women,1996
04:10:01,40-44,Women,1996
04:10:03,25-29,Women,1996
04:10:05,25-29,Women,1996
04:10:06,40-44,Women,1996
04:10:09,25-29,Women,1996
04:10:10,40-44,Women,1996
04:10:16,30-34,Women,1996
04:10:16,35-39,Women,1996
04:10:18,30-34,Women,1996
04:10:22,20-24,Women,1996
04:10:24,30-34,Women,1996
04:10:27,35-39,Women,1996
04:10:29,20-24,Women,1996
04:10:30,30-34,Women,1996
04:10:31,35-39,Women,1996
04:10:33,40-44,Women,1996
04:10:34,30-34,Women,1996
04:10:43,25-29,Women,1996
04:10:48,25-29,Women,1996
04:10:49,35-39,Women,1996
04:10:50,35-39,Women,1996
04:10:51,20-24,Women,1996
04:11:02,45-49,Women,1996
04:11:05,40-44,Women,1996
04:11:07,50-54,Women,1996
04:11:09,25-29,Women,1996
04:11:10,35-39,Women,1996
04:11:12,35-39,Women,1996
04:11:12,25-29,Women,1996
04:11:14,25-29,Women,1996
04:11:14,35-39,Women,1996
04:11:17,35-39,Women,1996
04:11:18,35-39,Women,1996
04:11:22,25-29,Women,1996
04:11:27,25-29,Women,1996
04:11:27,30-34,Women,1996
04:11:29,25-29,Women,1996
04:11:32,30-34,Women,1996
04:11:35,25-29,Women,1996
04:11:35,35-39,Women,1996
04:11:44,50-54,Women,1996
04:11:47,30-34,Women,1996
04:11:49,40-44,Women,1996
04:11:54,19 and under,Women,1996
04:11:55,35-39,Women,1996
04:11:55,40-44,Women,1996
04:11:56,20-24,Women,1996
04:12:03,20-24,Women,1996
04:12:05,19 and under,Women,1996
04:12:06,45-49,Women,1996
04:12:11,35-39,Women,1996
04:12:15,30-34,Women,1996
04:12:15,20-24,Women,1996
04:12:16,35-39,Women,1996
04:12:16,25-29,Women,1996
04:12:20,25-29,Women,1996
04:12:20,30-34,Women,1996
04:12:20,25-29,Women,1996
04:12:22,20-24,Women,1996
04:12:26,35-39,Women,1996
04:12:26,30-34,Women,1996
04:12:27,45-49,Women,1996
04:12:29,20-24,Women,1996
04:12:29,35-39,Women,1996
04:12:31,40-44,Women,1996
04:12:32,25-29,Women,1996
04:12:34,35-39,Women,1996
04:12:41,35-39,Women,1996
04:12:41,25-29,Women,1996
04:12:43,35-39,Women,1996
04:12:44,25-29,Women,1996
04:12:45,30-34,Women,1996
04:12:45,25-29,Women,1996
04:12:46,30-34,Women,1996
04:12:48,40-44,Women,1996
04:12:55,35-39,Women,1996
04:12:57,45-49,Women,1996
04:13:03,70-74,Women,1996
04:13:08,55-59,Women,1996
04:13:08,19 and under,Women,1996
04:13:09,40-44,Women,1996
04:13:12,25-29,Women,1996
04:13:13,25-29,Women,1996
04:13:16,20-24,Women,1996
04:13:16,25-29,Women,1996
04:13:19,35-39,Women,1996
04:13:22,25-29,Women,1996
04:13:23,30-34,Women,1996
04:13:25,20-24,Women,1996
04:13:26,20-24,Women,1996
04:13:30,25-29,Women,1996
04:13:33,45-49,Women,1996
04:13:35,25-29,Women,1996
04:13:37,40-44,Women,1996
04:13:40,35-39,Women,1996
04:13:42,30-34,Women,1996
04:13:43,35-39,Women,1996
04:13:45,20-24,Women,1996
04:13:50,30-34,Women,1996
04:13:53,40-44,Women,1996
04:13:55,30-34,Women,1996
04:13:56,30-34,Women,1996
04:14:02,30-34,Women,1996
04:14:04,25-29,Women,1996
04:14:06,30-34,Women,1996
04:14:07,50-54,Women,1996
04:14:07,30-34,Women,1996
04:14:08,30-34,Women,1996
04:14:10,30-34,Women,1996
04:14:13,25-29,Women,1996
04:14:14,20-24,Women,1996
04:14:15,25-29,Women,1996
04:14:15,30-34,Women,1996
04:14:16,35-39,Women,1996
04:14:16,45-49,Women,1996
04:14:19,50-54,Women,1996
04:14:20,30-34,Women,1996
04:14:21,25-29,Women,1996
04:14:21,30-34,Women,1996
04:14:22,35-39,Women,1996
04:14:24,20-24,Women,1996
04:14:26,30-34,Women,1996
04:14:29,20-24,Women,1996
04:14:32,20-24,Women,1996
04:14:35,35-39,Women,1996
04:14:37,25-29,Women,1996
04:14:38,25-29,Women,1996
04:14:38,20-24,Women,1996
04:14:43,45-49,Women,1996
04:14:44,25-29,Women,1996
04:14:45,30-34,Women,1996
04:14:46,35-39,Women,1996
04:14:48,35-39,Women,1996
04:14:52,25-29,Women,1996
04:14:55,35-39,Women,1996
04:14:57,45-49,Women,1996
04:14:58,30-34,Women,1996
04:15:02,20-24,Women,1996
04:15:02,30-34,Women,1996
04:15:02,30-34,Women,1996
04:15:03,20-24,Women,1996
04:15:04,45-49,Women,1996
04:15:04,30-34,Women,1996
04:15:05,25-29,Women,1996
04:15:05,40-44,Women,1996
04:15:05,25-29,Women,1996
04:15:14,25-29,Women,1996
04:15:15,25-29,Women,1996
04:15:18,35-39,Women,1996
04:15:20,40-44,Women,1996
04:15:22,20-24,Women,1996
04:15:24,30-34,Women,1996
04:15:25,40-44,Women,1996
04:15:28,35-39,Women,1996
04:15:29,25-29,Women,1996
04:15:30,20-24,Women,1996
04:15:30,25-29,Women,1996
04:15:32,20-24,Women,1996
04:15:37,25-29,Women,1996
04:15:39,20-24,Women,1996
04:15:40,25-29,Women,1996
04:15:44,25-29,Women,1996
04:15:48,25-29,Women,1996
04:15:48,35-39,Women,1996
04:15:49,35-39,Women,1996
04:15:50,30-34,Women,1996
04:15:56,35-39,Women,1996
04:15:58,25-29,Women,1996
04:15:59,55-59,Women,1996
04:15:59,35-39,Women,1996
04:16:01,30-34,Women,1996
04:16:02,55-59,Women,1996
04:16:06,20-24,Women,1996
04:16:12,30-34,Women,1996
04:16:13,25-29,Women,1996
04:16:14,35-39,Women,1996
04:16:14,25-29,Women,1996
04:16:15,45-49,Women,1996
04:16:15,50-54,Women,1996
04:16:16,50-54,Women,1996
04:16:21,30-34,Women,1996
04:16:23,25-29,Women,1996
04:16:25,25-29,Women,1996
04:16:28,25-29,Women,1996
04:16:30,35-39,Women,1996
04:16:34,25-29,Women,1996
04:16:36,35-39,Women,1996
04:16:39,25-29,Women,1996
04:16:41,25-29,Women,1996
04:16:46,30-34,Women,1996
04:16:47,25-29,Women,1996
04:16:48,35-39,Women,1996
04:16:50,30-34,Women,1996
04:16:55,40-44,Women,1996
04:16:57,20-24,Women,1996
04:16:57,20-24,Women,1996
04:17:00,40-44,Women,1996
04:17:02,25-29,Women,1996
04:17:05,19 and under,Women,1996
04:17:08,25-29,Women,1996
04:17:13,30-34,Women,1996
04:17:14,20-24,Women,1996
04:17:17,45-49,Women,1996
04:17:19,35-39,Women,1996
04:17:20,35-39,Women,1996
04:17:20,25-29,Women,1996
04:17:21,30-34,Women,1996
04:17:21,25-29,Women,1996
04:17:29,40-44,Women,1996
04:17:30,45-49,Women,1996
04:17:31,30-34,Women,1996
04:17:33,40-44,Women,1996
04:17:39,50-54,Women,1996
04:17:39,35-39,Women,1996
04:17:46,45-49,Women,1996
04:17:54,45-49,Women,1996
04:17:55,30-34,Women,1996
04:17:58,25-29,Women,1996
04:18:06,25-29,Women,1996
04:18:07,35-39,Women,1996
04:18:07,30-34,Women,1996
04:18:08,25-29,Women,1996
04:18:11,25-29,Women,1996
04:18:13,30-34,Women,1996
04:18:18,40-44,Women,1996
04:18:19,30-34,Women,1996
04:18:19,40-44,Women,1996
04:18:20,25-29,Women,1996
04:18:24,45-49,Women,1996
04:18:24,45-49,Women,1996
04:18:25,20-24,Women,1996
04:18:26,40-44,Women,1996
04:18:31,25-29,Women,1996
04:18:32,20-24,Women,1996
04:18:34,40-44,Women,1996
04:18:37,20-24,Women,1996
04:18:38,30-34,Women,1996
04:18:39,25-29,Women,1996
04:18:46,45-49,Women,1996
04:18:47,25-29,Women,1996
04:18:50,35-39,Women,1996
04:18:51,35-39,Women,1996
04:18:51,30-34,Women,1996
04:18:52,30-34,Women,1996
04:18:54,40-44,Women,1996
04:18:54,30-34,Women,1996
04:18:55,30-34,Women,1996
04:19:01,40-44,Women,1996
04:19:01,35-39,Women,1996
04:19:04,25-29,Women,1996
04:19:05,20-24,Women,1996
04:19:06,45-49,Women,1996
04:19:06,30-34,Women,1996
04:19:08,55-59,Women,1996
04:19:09,30-34,Women,1996
04:19:10,35-39,Women,1996
04:19:11,55-59,Women,1996
04:19:15,25-29,Women,1996
04:19:17,40-44,Women,1996
04:19:22,35-39,Women,1996
04:19:23,20-24,Women,1996
04:19:24,55-59,Women,1996
04:19:24,30-34,Women,1996
04:19:27,30-34,Women,1996
04:19:30,30-34,Women,1996
04:19:32,30-34,Women,1996
04:19:32,30-34,Women,1996
04:19:35,30-34,Women,1996
04:19:37,40-44,Women,1996
04:19:37,40-44,Women,1996
04:19:38,25-29,Women,1996
04:19:42,20-24,Women,1996
04:19:42,20-24,Women,1996
04:19:44,30-34,Women,1996
04:19:46,40-44,Women,1996
04:19:48,35-39,Women,1996
04:19:51,25-29,Women,1996
04:19:51,35-39,Women,1996
04:19:52,40-44,Women,1996
04:19:54,25-29,Women,1996
04:19:56,40-44,Women,1996
04:19:57,25-29,Women,1996
04:19:57,25-29,Women,1996
04:19:58,45-49,Women,1996
04:19:59,45-49,Women,1996
04:19:59,20-24,Women,1996
04:20:00,45-49,Women,1996
04:20:06,30-34,Women,1996
04:20:08,35-39,Women,1996
04:20:08,30-34,Women,1996
04:20:12,25-29,Women,1996
04:20:14,30-34,Women,1996
04:20:17,25-29,Women,1996
04:20:19,30-34,Women,1996
04:20:24,25-29,Women,1996
04:20:25,45-49,Women,1996
04:20:26,35-39,Women,1996
04:20:29,25-29,Women,1996
04:20:34,30-34,Women,1996
04:20:36,25-29,Women,1996
04:20:39,30-34,Women,1996
04:20:39,25-29,Women,1996
04:20:40,25-29,Women,1996
04:20:41,25-29,Women,1996
04:20:44,30-34,Women,1996
04:20:47,25-29,Women,1996
04:20:47,40-44,Women,1996
04:20:48,45-49,Women,1996
04:20:49,40-44,Women,1996
04:20:52,30-34,Women,1996
04:20:56,30-34,Women,1996
04:20:59,30-34,Women,1996
04:21:00,25-29,Women,1996
04:21:01,45-49,Women,1996
04:21:05,30-34,Women,1996
04:21:05,40-44,Women,1996
04:21:06,35-39,Women,1996
04:21:07,30-34,Women,1996
04:21:07,20-24,Women,1996
04:21:07,20-24,Women,1996
04:21:08,20-24,Women,1996
04:21:08,35-39,Women,1996
04:21:08,20-24,Women,1996
04:21:09,45-49,Women,1996
04:21:14,50-54,Women,1996
04:21:16,40-44,Women,1996
04:21:17,40-44,Women,1996
04:21:24,35-39,Women,1996
04:21:26,45-49,Women,1996
04:21:28,35-39,Women,1996
04:21:29,40-44,Women,1996
04:21:29,45-49,Women,1996
04:21:30,45-49,Women,1996
04:21:33,25-29,Women,1996
04:21:34,50-54,Women,1996
04:21:34,40-44,Women,1996
04:21:34,40-44,Women,1996
04:21:35,30-34,Women,1996
04:21:38,20-24,Women,1996
04:21:39,20-24,Women,1996
04:21:39,20-24,Women,1996
04:21:40,35-39,Women,1996
04:21:40,20-24,Women,1996
04:21:41,50-54,Women,1996
04:21:46,35-39,Women,1996
04:21:47,20-24,Women,1996
04:21:49,50-54,Women,1996
04:21:51,40-44,Women,1996
04:21:53,35-39,Women,1996
04:21:55,25-29,Women,1996
04:21:55,40-44,Women,1996
04:21:56,25-29,Women,1996
04:22:00,25-29,Women,1996
04:22:01,30-34,Women,1996
04:22:05,40-44,Women,1996
04:22:05,25-29,Women,1996
04:22:06,25-29,Women,1996
04:22:09,35-39,Women,1996
04:22:16,20-24,Women,1996
04:22:19,20-24,Women,1996
04:22:23,25-29,Women,1996
04:22:25,35-39,Women,1996
04:22:27,25-29,Women,1996
04:22:30,25-29,Women,1996
04:22:31,20-24,Women,1996
04:22:31,20-24,Women,1996
04:22:32,20-24,Women,1996
04:22:34,20-24,Women,1996
04:22:37,25-29,Women,1996
04:22:42,25-29,Women,1996
04:22:43,30-34,Women,1996
04:22:43,35-39,Women,1996
04:22:44,40-44,Women,1996
04:22:45,35-39,Women,1996
04:22:45,30-34,Women,1996
04:22:49,25-29,Women,1996
04:22:49,35-39,Women,1996
04:22:52,25-29,Women,1996
04:22:55,25-29,Women,1996
04:22:58,35-39,Women,1996
04:23:00,25-29,Women,1996
04:23:03,25-29,Women,1996
04:23:03,25-29,Women,1996
04:23:05,35-39,Women,1996
04:23:05,35-39,Women,1996
04:23:06,25-29,Women,1996
04:23:07,40-44,Women,1996
04:23:08,25-29,Women,1996
04:23:11,25-29,Women,1996
04:23:15,30-34,Women,1996
04:23:16,40-44,Women,1996
04:23:17,20-24,Women,1996
04:23:18,20-24,Women,1996
04:23:19,30-34,Women,1996
04:23:21,30-34,Women,1996
04:23:23,30-34,Women,1996
04:23:28,40-44,Women,1996
04:23:29,20-24,Women,1996
04:23:30,50-54,Women,1996
04:23:32,45-49,Women,1996
04:23:39,30-34,Women,1996
04:23:39,30-34,Women,1996
04:23:40,45-49,Women,1996
04:23:44,40-44,Women,1996
04:23:44,25-29,Women,1996
04:23:49,20-24,Women,1996
04:23:54,30-34,Women,1996
04:23:56,45-49,Women,1996
04:24:02,50-54,Women,1996
04:24:02,25-29,Women,1996
04:24:03,25-29,Women,1996
04:24:05,35-39,Women,1996
04:24:08,30-34,Women,1996
04:24:10,20-24,Women,1996
04:24:11,35-39,Women,1996
04:24:11,25-29,Women,1996
04:24:12,40-44,Women,1996
04:24:12,30-34,Women,1996
04:24:13,40-44,Women,1996
04:24:16,30-34,Women,1996
04:24:18,30-34,Women,1996
04:24:20,45-49,Women,1996
04:24:21,30-34,Women,1996
04:24:22,35-39,Women,1996
04:24:24,30-34,Women,1996
04:24:26,30-34,Women,1996
04:24:27,40-44,Women,1996
04:24:28,40-44,Women,1996
04:24:34,30-34,Women,1996
04:24:35,45-49,Women,1996
04:24:37,30-34,Women,1996
04:24:38,30-34,Women,1996
04:24:39,25-29,Women,1996
04:24:39,20-24,Women,1996
04:24:40,25-29,Women,1996
04:24:42,25-29,Women,1996
04:24:45,40-44,Women,1996
04:24:47,25-29,Women,1996
04:24:49,25-29,Women,1996
04:24:52,25-29,Women,1996
04:24:53,30-34,Women,1996
04:24:55,40-44,Women,1996
04:24:59,20-24,Women,1996
04:25:01,40-44,Women,1996
04:25:02,25-29,Women,1996
04:25:07,20-24,Women,1996
04:25:10,40-44,Women,1996
04:25:11,30-34,Women,1996
04:25:11,25-29,Women,1996
04:25:12,50-54,Women,1996
04:25:12,35-39,Women,1996
04:25:14,20-24,Women,1996
04:25:16,40-44,Women,1996
04:25:17,35-39,Women,1996
04:25:17,25-29,Women,1996
04:25:18,35-39,Women,1996
04:25:19,40-44,Women,1996
04:25:20,35-39,Women,1996
04:25:22,25-29,Women,1996
04:25:23,50-54,Women,1996
04:25:24,40-44,Women,1996
04:25:25,25-29,Women,1996
04:25:28,35-39,Women,1996
04:25:34,25-29,Women,1996
04:25:37,35-39,Women,1996
04:25:40,30-34,Women,1996
04:25:42,25-29,Women,1996
04:25:44,25-29,Women,1996
04:25:51,30-34,Women,1996
04:25:58,25-29,Women,1996
04:25:59,40-44,Women,1996
04:26:01,30-34,Women,1996
04:26:01,30-34,Women,1996
04:26:01,35-39,Women,1996
04:26:02,25-29,Women,1996
04:26:03,25-29,Women,1996
04:26:03,25-29,Women,1996
04:26:08,40-44,Women,1996
04:26:10,40-44,Women,1996
04:26:12,25-29,Women,1996
04:26:20,25-29,Women,1996
04:26:21,25-29,Women,1996
04:26:21,30-34,Women,1996
04:26:22,25-29,Women,1996
04:26:23,40-44,Women,1996
04:26:28,30-34,Women,1996
04:26:32,25-29,Women,1996
04:26:33,45-49,Women,1996
04:26:34,30-34,Women,1996
04:26:34,35-39,Women,1996
04:26:35,25-29,Women,1996
04:26:42,25-29,Women,1996
04:26:42,35-39,Women,1996
04:26:43,40-44,Women,1996
04:26:45,30-34,Women,1996
04:26:49,20-24,Women,1996
04:26:52,25-29,Women,1996
04:26:53,20-24,Women,1996
04:26:57,19 and under,Women,1996
04:27:04,25-29,Women,1996
04:27:04,35-39,Women,1996
04:27:10,35-39,Women,1996
04:27:15,30-34,Women,1996
04:27:15,30-34,Women,1996
04:27:17,45-49,Women,1996
04:27:18,25-29,Women,1996
04:27:27,20-24,Women,1996
04:27:27,25-29,Women,1996
04:27:29,25-29,Women,1996
04:27:30,25-29,Women,1996
04:27:30,35-39,Women,1996
04:27:34,25-29,Women,1996
04:27:36,25-29,Women,1996
04:27:37,35-39,Women,1996
04:27:38,30-34,Women,1996
04:27:40,30-34,Women,1996
04:27:43,30-34,Women,1996
04:27:47,25-29,Women,1996
04:27:47,25-29,Women,1996
04:27:48,30-34,Women,1996
04:27:51,30-34,Women,1996
04:27:53,25-29,Women,1996
04:27:54,35-39,Women,1996
04:27:56,40-44,Women,1996
04:27:57,25-29,Women,1996
04:27:58,35-39,Women,1996
04:28:01,30-34,Women,1996
04:28:02,20-24,Women,1996
04:28:02,35-39,Women,1996
04:28:03,35-39,Women,1996
04:28:05,20-24,Women,1996
04:28:10,25-29,Women,1996
04:28:25,30-34,Women,1996
04:28:26,35-39,Women,1996
04:28:27,25-29,Women,1996
04:28:28,35-39,Women,1996
04:28:29,35-39,Women,1996
04:28:30,45-49,Women,1996
04:28:31,30-34,Women,1996
04:28:34,35-39,Women,1996
04:28:42,25-29,Women,1996
04:28:44,35-39,Women,1996
04:28:47,35-39,Women,1996
04:28:50,20-24,Women,1996
04:28:53,35-39,Women,1996
04:28:54,25-29,Women,1996
04:28:55,25-29,Women,1996
04:28:57,30-34,Women,1996
04:28:58,20-24,Women,1996
04:29:01,40-44,Women,1996
04:29:02,45-49,Women,1996
04:29:03,40-44,Women,1996
04:29:04,30-34,Women,1996
04:29:04,20-24,Women,1996
04:29:07,35-39,Women,1996
04:29:11,20-24,Women,1996
04:29:14,20-24,Women,1996
04:29:16,20-24,Women,1996
04:29:17,25-29,Women,1996
04:29:18,40-44,Women,1996
04:29:18,25-29,Women,1996
04:29:25,40-44,Women,1996
04:29:27,25-29,Women,1996
04:29:29,25-29,Women,1996
04:29:29,40-44,Women,1996
04:29:29,40-44,Women,1996
04:29:30,50-54,Women,1996
04:29:33,20-24,Women,1996
04:29:36,25-29,Women,1996
04:29:38,25-29,Women,1996
04:29:38,25-29,Women,1996
04:29:38,30-34,Women,1996
04:29:39,35-39,Women,1996
04:29:41,25-29,Women,1996
04:29:42,30-34,Women,1996
04:29:42,55-59,Women,1996
04:29:43,25-29,Women,1996
04:29:47,20-24,Women,1996
04:29:49,30-34,Women,1996
04:29:50,25-29,Women,1996
04:29:50,35-39,Women,1996
04:29:51,20-24,Women,1996
04:29:53,30-34,Women,1996
04:29:54,35-39,Women,1996
04:30:00,20-24,Women,1996
04:30:01,50-54,Women,1996
04:30:02,40-44,Women,1996
04:30:02,19 and under,Women,1996
04:30:05,25-29,Women,1996
04:30:07,25-29,Women,1996
04:30:08,40-44,Women,1996
04:30:09,35-39,Women,1996
04:30:15,25-29,Women,1996
04:30:18,20-24,Women,1996
04:30:20,35-39,Women,1996
04:30:22,25-29,Women,1996
04:30:27,25-29,Women,1996
04:30:27,55-59,Women,1996
04:30:28,45-49,Women,1996
04:30:28,20-24,Women,1996
04:30:28,25-29,Women,1996
04:30:32,45-49,Women,1996
04:30:36,20-24,Women,1996
04:30:37,25-29,Women,1996
04:30:39,25-29,Women,1996
04:30:40,35-39,Women,1996
04:30:41,20-24,Women,1996
04:30:42,50-54,Women,1996
04:30:43,25-29,Women,1996
04:30:52,40-44,Women,1996
04:30:53,25-29,Women,1996
04:30:54,40-44,Women,1996
04:30:54,30-34,Women,1996
04:30:56,55-59,Women,1996
04:30:56,40-44,Women,1996
04:30:58,30-34,Women,1996
04:31:05,25-29,Women,1996
04:31:07,40-44,Women,1996
04:31:10,30-34,Women,1996
04:31:13,20-24,Women,1996
04:31:23,30-34,Women,1996
04:31:25,40-44,Women,1996
04:31:29,25-29,Women,1996
04:31:31,40-44,Women,1996
04:31:33,25-29,Women,1996
04:31:34,30-34,Women,1996
04:31:35,20-24,Women,1996
04:31:35,25-29,Women,1996
04:31:35,25-29,Women,1996
04:31:37,25-29,Women,1996
04:31:40,20-24,Women,1996
04:31:41,20-24,Women,1996
04:31:41,20-24,Women,1996
04:31:42,45-49,Women,1996
04:31:46,35-39,Women,1996
04:31:46,25-29,Women,1996
04:31:47,40-44,Women,1996
04:31:51,30-34,Women,1996
04:31:52,20-24,Women,1996
04:31:54,30-34,Women,1996
04:31:55,25-29,Women,1996
04:31:55,40-44,Women,1996
04:31:57,40-44,Women,1996
04:31:57,30-34,Women,1996
04:31:57,35-39,Women,1996
04:31:58,25-29,Women,1996
04:32:03,25-29,Women,1996
04:32:05,25-29,Women,1996
04:32:06,20-24,Women,1996
04:32:14,30-34,Women,1996
04:32:15,20-24,Women,1996
04:32:15,30-34,Women,1996
04:32:16,30-34,Women,1996
04:32:16,40-44,Women,1996
04:32:16,25-29,Women,1996
04:32:17,45-49,Women,1996
04:32:18,40-44,Women,1996
04:32:19,20-24,Women,1996
04:32:20,40-44,Women,1996
04:32:22,45-49,Women,1996
04:32:25,20-24,Women,1996
04:32:31,20-24,Women,1996
04:32:33,25-29,Women,1996
04:32:34,35-39,Women,1996
04:32:34,25-29,Women,1996
04:32:34,30-34,Women,1996
04:32:37,30-34,Women,1996
04:32:42,25-29,Women,1996
04:32:43,25-29,Women,1996
04:32:43,25-29,Women,1996
04:32:44,50-54,Women,1996
04:32:46,20-24,Women,1996
04:32:48,30-34,Women,1996
04:32:48,30-34,Women,1996
04:32:49,25-29,Women,1996
04:32:50,20-24,Women,1996
04:32:52,45-49,Women,1996
04:33:00,35-39,Women,1996
04:33:01,30-34,Women,1996
04:33:01,30-34,Women,1996
04:33:01,20-24,Women,1996
04:33:03,30-34,Women,1996
04:33:03,50-54,Women,1996
04:33:04,35-39,Women,1996
04:33:05,35-39,Women,1996
04:33:05,45-49,Women,1996
04:33:07,30-34,Women,1996
04:33:11,35-39,Women,1996
04:33:14,20-24,Women,1996
04:33:16,35-39,Women,1996
04:33:17,40-44,Women,1996
04:33:19,35-39,Women,1996
04:33:20,20-24,Women,1996
04:33:20,20-24,Women,1996
04:33:23,30-34,Women,1996
04:33:28,50-54,Women,1996
04:33:31,25-29,Women,1996
04:33:32,30-34,Women,1996
04:33:40,40-44,Women,1996
04:33:44,25-29,Women,1996
04:33:45,40-44,Women,1996
04:33:46,20-24,Women,1996
04:33:46,25-29,Women,1996
04:33:47,20-24,Women,1996
04:33:49,30-34,Women,1996
04:33:51,30-34,Women,1996
04:33:52,30-34,Women,1996
04:33:57,35-39,Women,1996
04:34:07,40-44,Women,1996
04:34:08,50-54,Women,1996
04:34:09,30-34,Women,1996
04:34:14,25-29,Women,1996
04:34:19,35-39,Women,1996
04:34:19,30-34,Women,1996
04:34:22,25-29,Women,1996
04:34:23,25-29,Women,1996
04:34:23,25-29,Women,1996
04:34:26,30-34,Women,1996
04:34:27,20-24,Women,1996
04:34:36,20-24,Women,1996
04:34:40,30-34,Women,1996
04:34:41,25-29,Women,1996
04:34:44,30-34,Women,1996
04:34:45,25-29,Women,1996
04:34:46,30-34,Women,1996
04:34:49,35-39,Women,1996
04:34:49,35-39,Women,1996
04:34:50,40-44,Women,1996
04:34:53,25-29,Women,1996
04:34:55,40-44,Women,1996
04:35:00,30-34,Women,1996
04:35:16,25-29,Women,1996
04:35:17,55-59,Women,1996
04:35:17,30-34,Women,1996
04:35:18,45-49,Women,1996
04:35:26,25-29,Women,1996
04:35:29,30-34,Women,1996
04:35:31,35-39,Women,1996
04:35:32,25-29,Women,1996
04:35:41,45-49,Women,1996
04:35:50,25-29,Women,1996
04:35:51,30-34,Women,1996
04:35:54,40-44,Women,1996
04:35:55,25-29,Women,1996
04:35:56,40-44,Women,1996
04:35:56,25-29,Women,1996
04:35:57,25-29,Women,1996
04:35:58,35-39,Women,1996
04:35:58,30-34,Women,1996
04:36:03,40-44,Women,1996
04:36:05,20-24,Women,1996
04:36:10,40-44,Women,1996
04:36:11,45-49,Women,1996
04:36:18,19 and under,Women,1996
04:36:22,20-24,Women,1996
04:36:23,20-24,Women,1996
04:36:25,25-29,Women,1996
04:36:27,40-44,Women,1996
04:36:30,40-44,Women,1996
04:36:30,25-29,Women,1996
04:36:37,25-29,Women,1996
04:36:40,25-29,Women,1996
04:36:40,40-44,Women,1996
04:36:41,25-29,Women,1996
04:36:41,35-39,Women,1996
04:36:44,40-44,Women,1996
04:36:45,55-59,Women,1996
04:36:46,30-34,Women,1996
04:36:49,25-29,Women,1996
04:36:54,30-34,Women,1996
04:36:55,25-29,Women,1996
04:36:56,25-29,Women,1996
04:36:57,25-29,Women,1996
04:36:57,25-29,Women,1996
04:36:59,25-29,Women,1996
04:37:00,20-24,Women,1996
04:37:06,35-39,Women,1996
04:37:06,25-29,Women,1996
04:37:17,30-34,Women,1996
04:37:17,45-49,Women,1996
04:37:17,20-24,Women,1996
04:37:18,30-34,Women,1996
04:37:21,25-29,Women,1996
04:37:21,35-39,Women,1996
04:37:22,20-24,Women,1996
04:37:25,20-24,Women,1996
04:37:31,35-39,Women,1996
04:37:31,30-34,Women,1996
04:37:32,40-44,Women,1996
04:37:33,25-29,Women,1996
04:37:35,30-34,Women,1996
04:37:39,40-44,Women,1996
04:37:40,40-44,Women,1996
04:37:47,20-24,Women,1996
04:37:47,40-44,Women,1996
04:37:48,45-49,Women,1996
04:37:49,35-39,Women,1996
04:37:50,30-34,Women,1996
04:37:50,30-34,Women,1996
04:37:52,30-34,Women,1996
04:37:52,30-34,Women,1996
04:37:53,35-39,Women,1996
04:37:55,40-44,Women,1996
04:37:55,30-34,Women,1996
04:38:02,20-24,Women,1996
04:38:05,35-39,Women,1996
04:38:09,20-24,Women,1996
04:38:13,25-29,Women,1996
04:38:15,30-34,Women,1996
04:38:16,30-34,Women,1996
04:38:17,20-24,Women,1996
04:38:18,30-34,Women,1996
04:38:18,50-54,Women,1996
04:38:21,30-34,Women,1996
04:38:25,35-39,Women,1996
04:38:26,30-34,Women,1996
04:38:30,30-34,Women,1996
04:38:38,30-34,Women,1996
04:38:42,25-29,Women,1996
04:38:51,25-29,Women,1996
04:38:57,40-44,Women,1996
04:38:59,20-24,Women,1996
04:39:01,30-34,Women,1996
04:39:01,30-34,Women,1996
04:39:10,45-49,Women,1996
04:39:11,30-34,Women,1996
04:39:11,25-29,Women,1996
04:39:13,30-34,Women,1996
04:39:16,25-29,Women,1996
04:39:17,30-34,Women,1996
04:39:18,35-39,Women,1996
04:39:20,25-29,Women,1996
04:39:22,30-34,Women,1996
04:39:25,30-34,Women,1996
04:39:25,55-59,Women,1996
04:39:31,35-39,Women,1996
04:39:33,45-49,Women,1996
04:39:34,35-39,Women,1996
04:39:34,25-29,Women,1996
04:39:36,35-39,Women,1996
04:39:39,19 and under,Women,1996
04:39:43,30-34,Women,1996
04:39:43,35-39,Women,1996
04:39:44,25-29,Women,1996
04:39:45,35-39,Women,1996
04:39:46,45-49,Women,1996
04:39:50,35-39,Women,1996
04:39:53,60-64,Women,1996
04:39:55,25-29,Women,1996
04:39:56,30-34,Women,1996
04:39:57,40-44,Women,1996
04:39:58,25-29,Women,1996
04:39:59,20-24,Women,1996
04:40:00,25-29,Women,1996
04:40:01,25-29,Women,1996
04:40:02,25-29,Women,1996
04:40:02,25-29,Women,1996
04:40:03,25-29,Women,1996
04:40:09,25-29,Women,1996
04:40:09,25-29,Women,1996
04:40:24,45-49,Women,1996
04:40:28,25-29,Women,1996
04:40:28,20-24,Women,1996
04:40:35,45-49,Women,1996
04:40:49,35-39,Women,1996
04:40:51,25-29,Women,1996
04:40:53,45-49,Women,1996
04:40:54,25-29,Women,1996
04:40:57,30-34,Women,1996
04:41:00,20-24,Women,1996
04:41:00,20-24,Women,1996
04:41:00,30-34,Women,1996
04:41:01,30-34,Women,1996
04:41:04,35-39,Women,1996
04:41:04,25-29,Women,1996
04:41:08,35-39,Women,1996
04:41:09,35-39,Women,1996
04:41:12,20-24,Women,1996
04:41:14,40-44,Women,1996
04:41:18,40-44,Women,1996
04:41:18,25-29,Women,1996
04:41:20,35-39,Women,1996
04:41:20,45-49,Women,1996
04:41:21,25-29,Women,1996
04:41:41,20-24,Women,1996
04:41:42,40-44,Women,1996
04:41:44,30-34,Women,1996
04:41:46,25-29,Women,1996
04:41:57,25-29,Women,1996
04:42:05,25-29,Women,1996
04:42:07,25-29,Women,1996
04:42:07,30-34,Women,1996
04:42:09,25-29,Women,1996
04:42:10,25-29,Women,1996
04:42:10,20-24,Women,1996
04:42:12,40-44,Women,1996
04:42:14,20-24,Women,1996
04:42:20,35-39,Women,1996
04:42:21,20-24,Women,1996
04:42:28,35-39,Women,1996
04:42:28,25-29,Women,1996
04:42:29,30-34,Women,1996
04:42:34,35-39,Women,1996
04:42:40,45-49,Women,1996
04:42:43,20-24,Women,1996
04:42:46,25-29,Women,1996
04:42:47,20-24,Women,1996
04:42:53,30-34,Women,1996
04:42:54,35-39,Women,1996
04:42:55,25-29,Women,1996
04:42:57,40-44,Women,1996
04:42:57,40-44,Women,1996
04:42:59,20-24,Women,1996
04:43:02,35-39,Women,1996
04:43:04,45-49,Women,1996
04:43:04,50-54,Women,1996
04:43:05,35-39,Women,1996
04:43:11,30-34,Women,1996
04:43:17,40-44,Women,1996
04:43:18,25-29,Women,1996
04:43:22,30-34,Women,1996
04:43:26,25-29,Women,1996
04:43:27,50-54,Women,1996
04:43:28,30-34,Women,1996
04:43:29,30-34,Women,1996
04:43:29,25-29,Women,1996
04:43:35,35-39,Women,1996
04:43:38,20-24,Women,1996
04:43:38,20-24,Women,1996
04:43:38,30-34,Women,1996
04:43:41,40-44,Women,1996
04:43:42,25-29,Women,1996
04:43:43,40-44,Women,1996
04:43:57,30-34,Women,1996
04:43:57,35-39,Women,1996
04:43:58,25-29,Women,1996
04:44:08,25-29,Women,1996
04:44:09,35-39,Women,1996
04:44:17,20-24,Women,1996
04:44:20,35-39,Women,1996
04:44:24,35-39,Women,1996
04:44:25,45-49,Women,1996
04:44:26,25-29,Women,1996
04:44:28,40-44,Women,1996
04:44:28,35-39,Women,1996
04:44:31,30-34,Women,1996
04:44:32,25-29,Women,1996
04:44:33,19 and under,Women,1996
04:44:33,50-54,Women,1996
04:44:36,20-24,Women,1996
04:44:36,35-39,Women,1996
04:44:42,20-24,Women,1996
04:44:44,55-59,Women,1996
04:44:45,30-34,Women,1996
04:44:48,40-44,Women,1996
04:45:01,50-54,Women,1996
04:45:02,20-24,Women,1996
04:45:02,35-39,Women,1996
04:45:03,40-44,Women,1996
04:45:03,35-39,Women,1996
04:45:04,50-54,Women,1996
04:45:09,25-29,Women,1996
04:45:10,30-34,Women,1996
04:45:11,25-29,Women,1996
04:45:12,30-34,Women,1996
04:45:15,40-44,Women,1996
04:45:15,25-29,Women,1996
04:45:17,30-34,Women,1996
04:45:21,35-39,Women,1996
04:45:27,40-44,Women,1996
04:45:32,30-34,Women,1996
04:45:35,40-44,Women,1996
04:45:36,20-24,Women,1996
04:45:37,40-44,Women,1996
04:45:40,20-24,Women,1996
04:45:41,40-44,Women,1996
04:45:42,45-49,Women,1996
04:45:54,30-34,Women,1996
04:45:54,45-49,Women,1996
04:45:56,30-34,Women,1996
04:46:01,40-44,Women,1996
04:46:02,30-34,Women,1996
04:46:04,30-34,Women,1996
04:46:11,25-29,Women,1996
04:46:14,20-24,Women,1996
04:46:18,35-39,Women,1996
04:46:25,40-44,Women,1996
04:46:25,45-49,Women,1996
04:46:26,20-24,Women,1996
04:46:26,50-54,Women,1996
04:46:27,25-29,Women,1996
04:46:38,30-34,Women,1996
04:46:39,40-44,Women,1996
04:46:42,40-44,Women,1996
04:46:45,30-34,Women,1996
04:46:53,45-49,Women,1996
04:46:59,50-54,Women,1996
04:47:01,20-24,Women,1996
04:47:02,19 and under,Women,1996
04:47:05,25-29,Women,1996
04:47:06,25-29,Women,1996
04:47:08,25-29,Women,1996
04:47:10,25-29,Women,1996
04:47:11,40-44,Women,1996
04:47:14,20-24,Women,1996
04:47:19,35-39,Women,1996
04:47:20,25-29,Women,1996
04:47:24,25-29,Women,1996
04:47:24,35-39,Women,1996
04:47:25,30-34,Women,1996
04:47:34,20-24,Women,1996
04:47:35,45-49,Women,1996
04:47:35,20-24,Women,1996
04:47:37,20-24,Women,1996
04:47:40,35-39,Women,1996
04:47:41,25-29,Women,1996
04:47:44,40-44,Women,1996
04:47:44,45-49,Women,1996
04:47:44,40-44,Women,1996
04:47:57,50-54,Women,1996
04:48:02,30-34,Women,1996
04:48:07,30-34,Women,1996
04:48:07,25-29,Women,1996
04:48:09,30-34,Women,1996
04:48:11,20-24,Women,1996
04:48:12,35-39,Women,1996
04:48:18,45-49,Women,1996
04:48:20,35-39,Women,1996
04:48:21,35-39,Women,1996
04:48:24,40-44,Women,1996
04:48:27,20-24,Women,1996
04:48:29,30-34,Women,1996
04:48:38,30-34,Women,1996
04:48:39,30-34,Women,1996
04:48:40,30-34,Women,1996
04:48:40,35-39,Women,1996
04:48:48,35-39,Women,1996
04:48:50,25-29,Women,1996
04:48:54,25-29,Women,1996
04:48:55,40-44,Women,1996
04:49:13,30-34,Women,1996
04:49:18,40-44,Women,1996
04:49:19,50-54,Women,1996
04:49:20,40-44,Women,1996
04:49:21,50-54,Women,1996
04:49:24,35-39,Women,1996
04:49:28,25-29,Women,1996
04:49:29,40-44,Women,1996
04:49:30,45-49,Women,1996
04:49:30,35-39,Women,1996
04:49:31,30-34,Women,1996
04:49:33,25-29,Women,1996
04:49:33,45-49,Women,1996
04:49:37,20-24,Women,1996
04:49:37,35-39,Women,1996
04:49:37,25-29,Women,1996
04:49:38,35-39,Women,1996
04:49:40,25-29,Women,1996
04:49:51,25-29,Women,1996
04:49:53,45-49,Women,1996
04:49:54,40-44,Women,1996
04:49:55,25-29,Women,1996
04:49:57,35-39,Women,1996
04:50:20,19 and under,Women,1996
04:50:22,25-29,Women,1996
04:50:24,20-24,Women,1996
04:50:31,25-29,Women,1996
04:50:42,45-49,Women,1996
04:50:43,40-44,Women,1996
04:50:46,45-49,Women,1996
04:50:46,45-49,Women,1996
04:50:52,30-34,Women,1996
04:50:54,40-44,Women,1996
04:50:56,35-39,Women,1996
04:50:58,30-34,Women,1996
04:51:04,20-24,Women,1996
04:51:10,40-44,Women,1996
04:51:12,25-29,Women,1996
04:51:13,20-24,Women,1996
04:51:20,40-44,Women,1996
04:51:26,25-29,Women,1996
04:51:26,30-34,Women,1996
04:51:28,35-39,Women,1996
04:51:30,40-44,Women,1996
04:51:34,25-29,Women,1996
04:51:41,20-24,Women,1996
04:51:44,25-29,Women,1996
04:51:45,40-44,Women,1996
04:51:51,40-44,Women,1996
04:51:54,30-34,Women,1996
04:51:55,25-29,Women,1996
04:52:08,25-29,Women,1996
04:52:12,35-39,Women,1996
04:52:12,45-49,Women,1996
04:52:13,25-29,Women,1996
04:52:22,30-34,Women,1996
04:52:27,19 and under,Women,1996
04:52:29,45-49,Women,1996
