groups,times
M26,2:14:53
M27,2:15:36
M31,2:16:22
M24,2:16:35
M30,2:17:05
M28,2:17:11
M28,2:17:34
M27,2:17:42
M20,2:18:16
M25,2:18:27
M38,2:18:29
M29,2:19:12
M35,2:19:18
M26,2:20:09
M25,2:20:29
M26,2:20:38
M41,2:21:04
M33,2:21:09
M37,2:21:16
M27,2:21:39
M25,2:21:52
M32,2:22:01
M27,2:22:14
M29,2:22:57
M28,2:22:59
M25,2:23:29
M33,2:23:46
M37,2:23:58
M20,2:24:01
M30,2:24:29
M28,2:24:30
M29,2:24:53
M26,2:25:00
M35,2:25:17
M27,2:25:28
M30,2:25:43
M33,2:26:08
M27,2:26:28
M36,2:26:33
M29,2:26:46
M27,2:26:53
M30,2:26:54
M23,2:27:05
M31,2:27:19
M29,2:27:23
M45,2:27:33
M40,2:27:44
M23,2:28:02
M39,2:28:09
M23,2:28:16
M25,2:28:35
M29,2:28:56
M29,2:29:09
M23,2:29:13
M31,2:29:19
M24,2:29:29
F31,2:29:30
M29,2:29:45
M24,2:29:49
M25,2:29:51
M26,2:30:09
M33,2:30:16
M33,2:30:40
M28,2:30:40
M27,2:31:03
M25,2:31:48
M33,2:32:06
M34,2:32:25
M37,2:32:35
M26,2:32:39
M33,2:32:43
M31,2:32:52
M31,2:33:29
M21,2:33:38
M29,2:33:52
M26,2:33:54
F29,2:33:58
M24,2:33:58
M36,2:34:18
M26,2:34:19
M29,2:34:29
M21,2:34:30
M40,2:34:39
M21,2:34:42
M27,2:34:43
M28,2:34:52
M27,2:35:00
M22,2:35:07
M27,2:35:20
M36,2:35:26
M30,2:35:29
M27,2:35:43
M44,2:35:48
M33,2:35:54
M32,2:35:58
M34,2:36:16
M23,2:36:28
M30,2:36:31
M38,2:36:33
M25,2:36:39
M34,2:36:42
M25,2:36:43
M34,2:36:44
M24,2:36:50
M26,2:36:50
M35,2:37:14
M23,2:37:15
F25,2:37:25
F23,2:37:34
F25,2:37:49
M29,2:37:54
F25,2:38:11
M33,2:38:15
M31,2:38:20
M26,2:38:21
M29,2:38:24
M23,2:38:24
M28,2:38:26
M31,2:38:52
M40,2:39:08
M32,2:39:19
M25,2:39:21
M26,2:39:25
M27,2:39:31
M31,2:39:31
M20,2:39:36
M34,2:39:37
M28,2:39:39
M28,2:39:40
M44,2:39:44
M38,2:39:46
M42,2:39:59
M37,2:40:10
M38,2:40:15
M35,2:40:20
M24,2:40:20
M29,2:40:21
M21,2:40:32
M45,2:40:44
M28,2:40:46
F34,2:40:48
M34,2:40:48
M26,2:40:53
M35,2:41:01
M44,2:41:11
F34,2:41:16
F34,2:41:18
M30,2:41:20
M44,2:41:38
M33,2:41:40
M33,2:41:54
M24,2:42:03
M31,2:42:06
M46,2:42:08
M26,2:42:11
F27,2:42:12
F39,2:42:24
M30,2:42:27
M33,2:42:34
M33,2:42:38
M34,2:42:43
M24,2:42:44
M34,2:42:47
M31,2:42:58
M23,2:42:58
M29,2:43:00
M26,2:43:03
M31,2:43:05
M43,2:43:08
M31,2:43:12
M28,2:43:15
F29,2:43:27
M32,2:43:36
M47,2:43:37
M30,2:43:39
M40,2:43:47
M24,2:43:58
M26,2:44:03
M31,2:44:14
M35,2:44:18
M24,2:44:18
M22,2:44:18
M36,2:44:19
M33,2:44:20
M28,2:44:27
M33,2:44:30
M31,2:44:32
M34,2:44:35
M36,2:44:39
M39,2:44:41
M32,2:44:48
M33,2:44:50
M22,2:44:51
M30,2:44:54
F29,2:45:00
M34,2:45:04
M34,2:45:07
M36,2:45:10
M47,2:45:11
F42,2:45:18
M27,2:45:21
M27,2:45:23
M25,2:45:24
M44,2:45:25
M36,2:45:26
F25,2:45:27
M23,2:45:31
M28,2:45:34
M31,2:45:37
M25,2:45:44
M29,2:45:46
M29,2:45:56
M33,2:45:58
M25,2:45:59
M30,2:46:00
M28,2:46:01
M23,2:46:01
M33,2:46:02
M26,2:46:04
M25,2:46:05
M32,2:46:12
M24,2:46:14
M34,2:46:17
F47,2:46:17
F27,2:46:25
M39,2:46:26
M35,2:46:33
M38,2:46:37
M31,2:46:39
M42,2:46:41
M32,2:46:44
M20,2:46:44
M40,2:46:45
M34,2:46:46
M42,2:46:49
M43,2:46:57
F24,2:46:59
M36,2:47:02
M29,2:47:04
M36,2:47:08
M34,2:47:12
F32,2:47:17
M28,2:47:21
M31,2:47:28
M28,2:47:33
M37,2:47:38
M32,2:47:48
M25,2:47:49
M27,2:47:49
M35,2:47:50
M38,2:47:50
M25,2:47:51
M39,2:47:52
M47,2:47:55
F25,2:47:56
M28,2:48:05
M28,2:48:08
M35,2:48:10
M40,2:48:10
M21,2:48:10
F33,2:48:11
M45,2:48:15
M39,2:48:19
M39,2:48:20
M39,2:48:23
M37,2:48:27
M32,2:48:27
M39,2:48:28
M28,2:48:33
M32,2:48:35
M21,2:48:35
M44,2:48:38
M32,2:48:42
M34,2:48:54
M25,2:48:54
M27,2:48:55
M32,2:49:01
M30,2:49:04
M37,2:49:06
M28,2:49:08
M43,2:49:13
M32,2:49:17
M45,2:49:26
M38,2:49:27
M35,2:49:28
M31,2:49:41
M37,2:49:46
M24,2:49:50
M17,2:49:51
M41,2:50:00
M36,2:50:14
M29,2:50:24
M36,2:50:25
M33,2:50:34
M19,2:50:35
M38,2:50:37
M25,2:50:37
F28,2:50:44
M44,2:50:45
M30,2:50:47
M25,2:50:50
M39,2:50:51
M24,2:50:52
M49,2:50:52
M38,2:50:55
M37,2:50:57
M38,2:51:01
M45,2:51:05
M27,2:51:14
M33,2:51:15
M29,2:51:27
M40,2:51:29
M22,2:51:30
M27,2:51:30
M43,2:51:31
M28,2:51:33
M33,2:51:33
M43,2:51:41
M37,2:51:45
M30,2:51:55
M32,2:51:58
F29,2:51:59
M32,2:52:00
M36,2:52:03
M32,2:52:09
M43,2:52:15
M25,2:52:17
M35,2:52:20
M41,2:52:21
M24,2:52:24
M40,2:52:24
M32,2:52:26
M30,2:52:28
M28,2:52:29
M25,2:52:33
M40,2:52:38
M30,2:52:39
F18,2:52:39
M27,2:52:41
M25,2:52:45
M23,2:52:48
M33,2:52:51
M30,2:52:54
M30,2:52:54
M36,2:53:00
M31,2:53:01
M28,2:53:07
M32,2:53:08
M40,2:53:11
M29,2:53:14
M21,2:53:20
M39,2:53:21
M37,2:53:23
M34,2:53:24
M41,2:53:25
M34,2:53:30
M34,2:53:32
M37,2:53:38
M37,2:53:40
M28,2:53:45
M33,2:53:53
M41,2:53:55
M44,2:53:56
M36,2:53:57
M30,2:53:58
M23,2:54:01
M26,2:54:10
M31,2:54:16
M37,2:54:16
M28,2:54:28
M39,2:54:30
M39,2:54:36
M36,2:54:36
M38,2:54:37
M24,2:54:38
M38,2:54:40
M32,2:54:41
M31,2:54:43
M35,2:54:44
M38,2:54:45
M33,2:54:46
M28,2:54:47
F40,2:54:47
M24,2:54:49
M44,2:54:49
M50,2:54:51
M22,2:54:51
M23,2:54:52
M30,2:54:59
M28,2:55:10
M25,2:55:13
M34,2:55:15
M32,2:55:19
M32,2:55:24
M40,2:55:25
M26,2:55:26
M41,2:55:27
M37,2:55:28
M33,2:55:29
M42,2:55:31
M27,2:55:32
M28,2:55:37
M34,2:55:38
M34,2:55:42
M33,2:55:42
M30,2:55:43
M32,2:55:47
M41,2:55:48
M32,2:55:49
M34,2:55:52
M32,2:55:54
M57,2:55:56
M37,2:55:57
M40,2:56:02
M45,2:56:03
F25,2:56:04
M33,2:56:09
M44,2:56:10
M42,2:56:14
M22,2:56:15
M30,2:56:17
F33,2:56:17
M30,2:56:17
M28,2:56:24
M32,2:56:28
M33,2:56:29
M43,2:56:30
F43,2:56:30
M27,2:56:34
M39,2:56:38
M39,2:56:39
M26,2:56:39
M40,2:56:40
M29,2:56:40
M49,2:56:42
M26,2:56:42
M25,2:56:43
M49,2:56:44
M23,2:56:45
M34,2:56:45
M30,2:56:47
M34,2:56:48
M26,2:56:50
M35,2:56:55
M37,2:56:58
M33,2:57:02
M27,2:57:04
M23,2:57:04
M30,2:57:04
M26,2:57:09
M36,2:57:09
M40,2:57:11
M41,2:57:12
M37,2:57:15
M20,2:57:17
M35,2:57:18
M44,2:57:23
M39,2:57:27
M43,2:57:29
M57,2:57:36
M26,2:57:36
M40,2:57:37
F38,2:57:38
M49,2:57:40
M29,2:57:43
M33,2:57:43
M50,2:57:44
M23,2:57:44
M42,2:57:44
M51,2:57:44
M27,2:57:44
M32,2:57:45
M32,2:57:45
M27,2:57:47
M34,2:57:47
M31,2:57:48
F33,2:57:50
M30,2:57:56
M45,2:57:57
M38,2:58:01
M31,2:58:02
M47,2:58:07
M55,2:58:09
M18,2:58:10
M25,2:58:11
M47,2:58:11
M31,2:58:13
M30,2:58:13
M51,2:58:15
F25,2:58:17
M19,2:58:18
M36,2:58:18
M31,2:58:31
M26,2:58:31
M44,2:58:32
M38,2:58:33
M29,2:58:34
M46,2:58:35
M36,2:58:37
M32,2:58:38
M29,2:58:40
M24,2:58:40
M37,2:58:41
M34,2:58:42
M30,2:58:43
M24,2:58:46
M32,2:58:48
M42,2:58:48
M30,2:58:50
M31,2:58:51
M35,2:58:52
M33,2:58:53
M23,2:58:54
M28,2:58:54
M33,2:58:55
M40,2:58:55
M36,2:58:56
M37,2:58:58
M37,2:59:02
M32,2:59:04
M26,2:59:05
M38,2:59:06
M25,2:59:08
M26,2:59:12
M39,2:59:13
M27,2:59:15
M37,2:59:15
M42,2:59:16
F27,2:59:17
M39,2:59:21
M29,2:59:22
M29,2:59:26
M34,2:59:28
M30,2:59:30
M36,2:59:30
M37,2:59:35
M23,2:59:36
M32,2:59:37
M30,2:59:37
M37,2:59:39
M24,2:59:43
M25,2:59:44
M23,2:59:44
M43,2:59:45
M45,2:59:50
M43,2:59:50
M26,2:59:51
M23,2:59:52
M51,2:59:53
M39,2:59:56
M41,3:00:07
M23,3:00:08
M26,3:00:12
M30,3:00:16
M26,3:00:17
M29,3:00:18
M33,3:00:20
M29,3:00:21
M31,3:00:24
M43,3:00:24
M39,3:00:25
M41,3:00:31
M32,3:00:31
M34,3:00:32
M28,3:00:35
M33,3:00:36
M33,3:00:37
M32,3:00:38
M25,3:00:39
M28,3:00:46
M34,3:00:47
M40,3:00:49
M37,3:00:53
M35,3:00:54
M51,3:00:55
M35,3:00:57
M41,3:00:57
M39,3:00:58
M46,3:00:58
M41,3:00:59
M46,3:01:00
M28,3:01:00
M40,3:01:01
M28,3:01:01
M33,3:01:02
M31,3:01:02
M42,3:01:04
M34,3:01:04
M44,3:01:19
M36,3:01:21
M41,3:01:23
M27,3:01:26
M45,3:01:27
M37,3:01:28
M25,3:01:30
M39,3:01:30
F25,3:01:30
M28,3:01:33
M36,3:01:34
M45,3:01:37
F33,3:01:38
M29,3:01:39
M31,3:01:40
M31,3:01:41
M26,3:01:41
M26,3:01:43
M32,3:01:44
M46,3:01:44
M31,3:01:47
M46,3:01:49
M28,3:01:51
M30,3:01:53
M23,3:01:56
M26,3:02:03
M30,3:02:04
M34,3:02:05
M45,3:02:05
M24,3:02:06
M26,3:02:07
M32,3:02:09
M45,3:02:11
M22,3:02:11
M37,3:02:14
M28,3:02:16
M38,3:02:16
M35,3:02:17
M28,3:02:17
M29,3:02:18
M48,3:02:20
M37,3:02:21
M33,3:02:24
M41,3:02:26
M30,3:02:28
F24,3:02:29
M42,3:02:30
M36,3:02:30
M36,3:02:32
M31,3:02:32
M31,3:02:33
M41,3:02:34
M33,3:02:35
M25,3:02:36
M35,3:02:36
M37,3:02:37
M34,3:02:37
M36,3:02:38
M29,3:02:39
M42,3:02:41
M34,3:02:42
M36,3:02:43
M36,3:02:43
M30,3:02:45
M33,3:02:46
M33,3:02:49
M35,3:02:49
M23,3:02:49
M32,3:02:52
M26,3:02:52
M32,3:02:53
M43,3:02:53
M25,3:02:59
M26,3:03:03
M39,3:03:04
M28,3:03:05
M43,3:03:05
M34,3:03:07
M34,3:03:15
M34,3:03:16
M28,3:03:19
M44,3:03:21
M30,3:03:21
M23,3:03:22
M34,3:03:25
M34,3:03:30
M43,3:03:31
M53,3:03:33
M30,3:03:39
M41,3:03:41
M27,3:03:44
M50,3:03:45
M44,3:03:48
M44,3:03:48
M41,3:03:50
M27,3:03:51
M16,3:03:52
M36,3:03:53
M49,3:03:54
M26,3:03:55
M29,3:03:57
F27,3:04:01
M27,3:04:01
M36,3:04:05
M36,3:04:05
M31,3:04:07
M35,3:04:10
M38,3:04:10
M49,3:04:13
F28,3:04:16
M32,3:04:17
M41,3:04:17
M39,3:04:19
M43,3:04:20
M39,3:04:22
M22,3:04:26
M32,3:04:29
M35,3:04:34
M38,3:04:34
M27,3:04:37
M17,3:04:38
M49,3:04:45
M42,3:04:46
M27,3:04:47
M26,3:04:48
M56,3:04:48
M30,3:04:49
M38,3:04:50
M32,3:04:52
M45,3:04:56
M39,3:04:58
M24,3:05:05
M26,3:05:07
M28,3:05:09
M38,3:05:11
M32,3:05:13
M26,3:05:15
M35,3:05:16
M44,3:05:17
M26,3:05:18
M25,3:05:19
M34,3:05:19
M33,3:05:21
M44,3:05:23
M33,3:05:25
M32,3:05:26
M24,3:05:27
F22,3:05:27
M32,3:05:27
M31,3:05:28
M33,3:05:28
M43,3:05:28
M39,3:05:29
M25,3:05:29
M33,3:05:30
M36,3:05:32
M25,3:05:35
M28,3:05:35
M27,3:05:40
M22,3:05:41
M35,3:05:42
M42,3:05:42
M22,3:05:43
M29,3:05:45
M34,3:05:46
M37,3:05:48
M26,3:05:49
M43,3:05:50
M26,3:05:51
M29,3:05:52
M36,3:05:53
M32,3:05:53
M31,3:05:54
M31,3:05:55
M43,3:05:57
F23,3:05:59
M37,3:05:59
M28,3:06:00
M35,3:06:01
M43,3:06:02
M41,3:06:03
M20,3:06:05
M33,3:06:11
M38,3:06:13
M26,3:06:16
M37,3:06:17
M27,3:06:19
M34,3:06:20
M27,3:06:20
M37,3:06:21
M37,3:06:22
M26,3:06:23
M40,3:06:23
M33,3:06:23
M29,3:06:24
M21,3:06:25
F36,3:06:26
M36,3:06:30
M25,3:06:31
M24,3:06:32
M41,3:06:33
M35,3:06:33
M39,3:06:34
M31,3:06:35
M24,3:06:36
M30,3:06:36
M41,3:06:38
M33,3:06:38
M25,3:06:40
M29,3:06:41
M24,3:06:42
M25,3:06:43
M26,3:06:44
M35,3:06:45
M42,3:06:46
F31,3:06:49
M38,3:06:52
M35,3:06:54
M49,3:06:54
M26,3:06:55
M32,3:06:56
M45,3:06:57
M36,3:07:00
M50,3:07:01
M41,3:07:02
M23,3:07:02
M32,3:07:06
M30,3:07:06
M33,3:07:07
M33,3:07:07
M35,3:07:10
M44,3:07:11
M40,3:07:11
M37,3:07:12
M29,3:07:14
M38,3:07:15
M31,3:07:17
M32,3:07:18
M35,3:07:20
M35,3:07:21
M35,3:07:22
M32,3:07:23
M24,3:07:24
M45,3:07:28
M36,3:07:29
M40,3:07:35
M27,3:07:38
F40,3:07:39
M49,3:07:39
M29,3:07:41
M40,3:07:42
M36,3:07:44
M25,3:07:45
M31,3:07:46
M37,3:07:50
M33,3:07:50
M26,3:07:51
M22,3:07:52
F34,3:07:52
M41,3:07:54
M34,3:07:55
M41,3:07:57
M27,3:08:00
M43,3:08:00
M24,3:08:03
M44,3:08:04
M24,3:08:07
M46,3:08:10
M38,3:08:12
M42,3:08:15
M35,3:08:16
M29,3:08:17
M28,3:08:18
M39,3:08:19
M43,3:08:20
M45,3:08:21
M44,3:08:21
M38,3:08:22
M45,3:08:22
M25,3:08:22
M47,3:08:25
M63,3:08:26
M32,3:08:29
M40,3:08:30
M43,3:08:33
F28,3:08:35
M26,3:08:35
M36,3:08:38
M32,3:08:39
M40,3:08:42
M33,3:08:42
M40,3:08:44
M25,3:08:45
M34,3:08:46
M33,3:08:49
M27,3:08:51
M37,3:08:54
M32,3:08:55
M52,3:08:58
M31,3:09:00
M31,3:09:03
M34,3:09:06
M32,3:09:08
M35,3:09:09
M52,3:09:10
M29,3:09:11
M30,3:09:11
M51,3:09:12
M35,3:09:16
M23,3:09:17
M42,3:09:19
M30,3:09:23
M35,3:09:28
M31,3:09:31
F25,3:09:31
M30,3:09:32
M36,3:09:32
M38,3:09:33
M41,3:09:34
M43,3:09:34
M41,3:09:35
M36,3:09:36
M21,3:09:37
M34,3:09:42
M39,3:09:44
F17,3:09:45
M34,3:09:46
M39,3:09:47
M36,3:09:48
M23,3:09:51
F23,3:09:51
M26,3:09:51
M42,3:09:53
M32,3:09:54
M35,3:09:55
M35,3:09:56
M25,3:09:59
M46,3:10:04
M30,3:10:05
M24,3:10:07
M41,3:10:07
M27,3:10:09
M38,3:10:10
M26,3:10:10
M42,3:10:13
M54,3:10:13
M38,3:10:16
M45,3:10:17
M33,3:10:19
M40,3:10:22
M36,3:10:23
M42,3:10:26
M43,3:10:28
M44,3:10:31
M26,3:10:32
M17,3:10:34
M35,3:10:34
M38,3:10:36
M41,3:10:36
M24,3:10:37
M51,3:10:38
M38,3:10:39
M47,3:10:40
M41,3:10:41
M33,3:10:41
M44,3:10:42
M26,3:10:43
M41,3:10:43
F32,3:10:44
M33,3:10:47
M26,3:10:48
M26,3:10:50
M44,3:10:51
M28,3:10:52
M48,3:10:53
M37,3:10:53
F24,3:10:56
M19,3:10:57
M34,3:10:58
M34,3:10:58
M20,3:11:00
M24,3:11:02
M25,3:11:03
F25,3:11:03
M36,3:11:04
M39,3:11:05
M23,3:11:05
M34,3:11:05
M35,3:11:09
M33,3:11:14
M39,3:11:16
M29,3:11:17
M33,3:11:18
M42,3:11:20
M41,3:11:21
M38,3:11:24
M32,3:11:27
M34,3:11:28
M34,3:11:28
F35,3:11:28
M39,3:11:29
M40,3:11:29
M31,3:11:30
M29,3:11:31
M25,3:11:32
M46,3:11:32
F29,3:11:33
M28,3:11:34
M47,3:11:35
M25,3:11:36
M25,3:11:37
M40,3:11:38
M36,3:11:39
M43,3:11:43
M24,3:11:46
M47,3:11:48
M25,3:11:50
M31,3:11:50
M34,3:11:51
M32,3:11:54
F16,3:11:55
M45,3:11:55
M25,3:11:59
M27,3:12:02
M26,3:12:03
M26,3:12:04
M37,3:12:04
M44,3:12:07
M19,3:12:09
M35,3:12:09
M35,3:12:12
M48,3:12:14
M43,3:12:16
M37,3:12:17
M27,3:12:19
M42,3:12:19
M24,3:12:20
M32,3:12:22
M46,3:12:22
M32,3:12:22
M39,3:12:23
M24,3:12:26
M34,3:12:27
M25,3:12:28
M24,3:12:28
M45,3:12:29
M41,3:12:30
M25,3:12:32
M26,3:12:34
F35,3:12:34
M25,3:12:35
M31,3:12:36
M36,3:12:36
M32,3:12:37
M43,3:12:38
F36,3:12:39
M53,3:12:39
M30,3:12:41
M40,3:12:43
M35,3:12:44
M26,3:12:45
M44,3:12:47
M25,3:12:50
M38,3:12:51
M22,3:12:54
M48,3:12:55
M32,3:12:56
M38,3:12:58
M45,3:12:59
M27,3:13:01
M25,3:13:03
M45,3:13:04
M31,3:13:04
M43,3:13:05
F22,3:13:07
M30,3:13:08
M40,3:13:10
M42,3:13:11
M32,3:13:12
M27,3:13:12
M37,3:13:14
M31,3:13:15
M44,3:13:18
M26,3:13:18
M34,3:13:20
M33,3:13:22
M26,3:13:26
M46,3:13:27
M38,3:13:28
M27,3:13:28
M27,3:13:29
M38,3:13:32
M36,3:13:34
M49,3:13:34
M28,3:13:35
M33,3:13:36
M56,3:13:37
M43,3:13:37
M16,3:13:38
M44,3:13:38
M27,3:13:39
M27,3:13:40
M45,3:13:43
F30,3:13:43
M33,3:13:44
M37,3:13:45
F30,3:13:47
M30,3:13:47
M24,3:13:48
M25,3:13:49
M36,3:13:50
M38,3:13:50
M46,3:13:50
M40,3:13:51
M41,3:13:51
M47,3:13:51
M25,3:13:52
M28,3:13:56
M36,3:13:58
M26,3:13:59
M38,3:13:59
M40,3:13:59
M43,3:14:00
M29,3:14:02
M39,3:14:05
M36,3:14:05
M21,3:14:06
M39,3:14:08
M17,3:14:09
M36,3:14:10
M30,3:14:12
M32,3:14:14
M39,3:14:17
M37,3:14:21
M28,3:14:22
M34,3:14:23
M50,3:14:24
M44,3:14:24
M43,3:14:25
M34,3:14:25
M42,3:14:25
M24,3:14:25
M38,3:14:26
M38,3:14:26
M54,3:14:32
M32,3:14:32
M29,3:14:33
F34,3:14:35
M22,3:14:35
M41,3:14:35
M27,3:14:37
M30,3:14:41
F22,3:14:41
M24,3:14:41
M34,3:14:42
M34,3:14:45
M51,3:14:46
M49,3:14:47
M47,3:14:48
M47,3:14:49
M36,3:14:50
M34,3:14:51
M36,3:14:51
M29,3:14:52
M34,3:14:54
M48,3:14:55
M45,3:14:56
M25,3:14:56
M27,3:14:57
M21,3:14:57
M28,3:14:58
M25,3:14:58
M26,3:14:59
M33,3:15:01
M31,3:15:01
M41,3:15:01
M37,3:15:02
M41,3:15:06
M32,3:15:06
M42,3:15:06
F36,3:15:07
M30,3:15:07
M26,3:15:07
M33,3:15:08
M36,3:15:08
M29,3:15:08
M33,3:15:09
M35,3:15:09
M42,3:15:09
M31,3:15:11
M37,3:15:11
M42,3:15:12
M40,3:15:12
F36,3:15:13
M32,3:15:13
F25,3:15:13
M22,3:15:15
M21,3:15:15
M23,3:15:19
F39,3:15:19
M31,3:15:20
M29,3:15:25
M30,3:15:26
M24,3:15:27
M44,3:15:33
M37,3:15:35
M44,3:15:36
M44,3:15:39
M33,3:15:45
F31,3:15:46
F24,3:15:46
M34,3:15:47
M47,3:15:49
M43,3:15:50
F21,3:15:51
M25,3:15:53
M39,3:15:56
M36,3:15:56
M29,3:15:57
M32,3:15:57
M40,3:15:58
M36,3:15:58
M31,3:15:59
M38,3:16:00
M35,3:16:01
M42,3:16:01
M43,3:16:02
M39,3:16:02
M33,3:16:03
M29,3:16:06
M41,3:16:06
M35,3:16:07
M33,3:16:07
M34,3:16:07
M35,3:16:09
M32,3:16:09
M38,3:16:10
M33,3:16:15
M24,3:16:16
M37,3:16:17
M38,3:16:18
M42,3:16:18
M16,3:16:19
M42,3:16:23
M47,3:16:24
M25,3:16:24
M31,3:16:25
M28,3:16:25
M52,3:16:26
M59,3:16:27
M43,3:16:27
M26,3:16:28
M44,3:16:32
M47,3:16:34
M36,3:16:34
M34,3:16:36
M29,3:16:36
M35,3:16:37
M25,3:16:40
F43,3:16:40
M37,3:16:41
M26,3:16:42
M25,3:16:42
M55,3:16:43
M29,3:16:43
F31,3:16:44
M40,3:16:45
M26,3:16:46
M29,3:16:47
M28,3:16:48
M38,3:16:49
M55,3:16:49
M37,3:16:50
M45,3:16:51
M37,3:16:51
M31,3:16:51
M31,3:16:53
M34,3:16:55
M28,3:16:56
M43,3:16:57
M41,3:17:01
M33,3:17:01
M37,3:17:01
M37,3:17:02
M36,3:17:02
M34,3:17:02
M36,3:17:03
M31,3:17:05
M29,3:17:10
M35,3:17:10
M38,3:17:11
M38,3:17:12
M19,3:17:12
M38,3:17:13
M32,3:17:14
M31,3:17:14
M48,3:17:21
M30,3:17:22
M41,3:17:23
M38,3:17:23
M39,3:17:24
M33,3:17:24
M33,3:17:24
M53,3:17:25
F22,3:17:26
M39,3:17:27
M37,3:17:27
M42,3:17:28
M36,3:17:28
M38,3:17:29
M39,3:17:31
M40,3:17:32
M47,3:17:35
M27,3:17:35
F30,3:17:37
M36,3:17:38
M38,3:17:38
M25,3:17:40
M29,3:17:40
M30,3:17:42
M30,3:17:42
M31,3:17:42
M33,3:17:43
M37,3:17:43
M41,3:17:44
M40,3:17:45
M38,3:17:45
M31,3:17:46
M43,3:17:46
M27,3:17:50
F29,3:17:50
M43,3:17:53
M24,3:17:55
M35,3:17:55
M35,3:17:55
M24,3:17:56
M27,3:17:57
M31,3:17:58
M25,3:17:58
M28,3:17:59
F30,3:18:00
M23,3:18:00
M34,3:18:04
M38,3:18:04
M24,3:18:06
F23,3:18:16
M28,3:18:17
M26,3:18:18
M50,3:18:19
M32,3:18:19
M38,3:18:20
M54,3:18:20
M46,3:18:20
M40,3:18:20
F32,3:18:21
M38,3:18:23
M24,3:18:26
M46,3:18:26
M34,3:18:26
M36,3:18:27
M47,3:18:28
M23,3:18:29
M38,3:18:34
M44,3:18:34
M29,3:18:35
M32,3:18:37
M41,3:18:37
M28,3:18:39
M50,3:18:39
M30,3:18:40
M34,3:18:40
M40,3:18:41
M40,3:18:42
M33,3:18:43
M34,3:18:45
M32,3:18:47
F42,3:18:47
M33,3:18:49
M36,3:18:49
M31,3:18:52
M44,3:18:56
M38,3:18:57
M26,3:18:59
M37,3:18:59
M32,3:19:00
M43,3:19:01
M49,3:19:01
M37,3:19:04
M37,3:19:04
M42,3:19:04
M49,3:19:05
M32,3:19:06
M54,3:19:06
F25,3:19:06
M27,3:19:06
M26,3:19:07
M33,3:19:07
M35,3:19:09
F36,3:19:10
M40,3:19:10
M39,3:19:11
M36,3:19:12
M55,3:19:12
M28,3:19:13
M39,3:19:14
M33,3:19:14
M33,3:19:15
M30,3:19:18
M38,3:19:21
M23,3:19:21
M40,3:19:24
M40,3:19:25
M28,3:19:27
M34,3:19:27
M31,3:19:27
M32,3:19:27
F30,3:19:27
M46,3:19:28
M46,3:19:29
M34,3:19:30
F47,3:19:33
M44,3:19:33
M43,3:19:34
M46,3:19:35
M51,3:19:36
M35,3:19:36
M33,3:19:37
M38,3:19:37
M36,3:19:39
M27,3:19:40
M32,3:19:40
M37,3:19:42
M38,3:19:42
M35,3:19:42
F24,3:19:44
M47,3:19:45
M38,3:19:45
M31,3:19:47
M26,3:19:48
M30,3:19:48
F27,3:19:48
M32,3:19:49
M48,3:19:49
M31,3:19:49
M37,3:19:49
M34,3:19:50
M43,3:19:50
M39,3:19:52
F23,3:19:54
M46,3:19:54
M23,3:19:56
M41,3:19:57
M30,3:19:57
M54,3:19:58
M26,3:19:58
M54,3:19:59
M36,3:20:00
M41,3:20:00
M29,3:20:00
M23,3:20:01
M46,3:20:01
M36,3:20:06
M24,3:20:08
M37,3:20:10
M37,3:20:12
M28,3:20:13
M35,3:20:15
M24,3:20:20
M39,3:20:21
M24,3:20:22
M42,3:20:23
M38,3:20:24
M37,3:20:24
M41,3:20:26
M24,3:20:27
M27,3:20:29
M38,3:20:30
M27,3:20:30
M21,3:20:30
M35,3:20:32
M31,3:20:33
M27,3:20:35
M25,3:20:35
M34,3:20:36
M30,3:20:36
M47,3:20:38
M41,3:20:39
M28,3:20:40
M25,3:20:40
M32,3:20:40
M27,3:20:40
M32,3:20:42
M46,3:20:44
M44,3:20:45
M34,3:20:45
M51,3:20:45
M41,3:20:46
M45,3:20:47
M21,3:20:48
M22,3:20:48
M45,3:20:48
M24,3:20:49
M26,3:20:49
M28,3:20:50
M31,3:20:51
M20,3:20:52
M39,3:20:53
M34,3:20:53
M36,3:20:54
M40,3:20:56
M25,3:20:56
M36,3:20:57
M38,3:20:58
M42,3:20:58
M57,3:20:59
M37,3:20:59
M23,3:21:00
M31,3:21:01
M37,3:21:01
M27,3:21:03
F27,3:21:04
M32,3:21:04
M39,3:21:05
M28,3:21:06
M38,3:21:07
M41,3:21:10
M28,3:21:12
M37,3:21:12
M26,3:21:13
M44,3:21:14
M37,3:21:15
M19,3:21:16
M40,3:21:19
M36,3:21:20
M36,3:21:20
M28,3:21:21
M43,3:21:23
M46,3:21:24
M23,3:21:26
M55,3:21:28
M25,3:21:29
M30,3:21:31
M30,3:21:33
M41,3:21:33
M36,3:21:36
M32,3:21:36
F28,3:21:36
F42,3:21:37
F29,3:21:37
M45,3:21:40
M48,3:21:41
M20,3:21:42
M47,3:21:44
M40,3:21:44
M32,3:21:46
M32,3:21:47
M38,3:21:48
M30,3:21:50
M35,3:21:51
M40,3:21:52
M25,3:21:53
M38,3:21:54
M35,3:21:55
M16,3:21:55
M38,3:21:57
M30,3:21:57
M38,3:21:57
M42,3:21:57
M33,3:21:58
M28,3:21:58
M46,3:21:59
M26,3:22:00
M24,3:22:01
M61,3:22:01
M31,3:22:02
M33,3:22:03
F29,3:22:03
M35,3:22:04
M33,3:22:05
F35,3:22:06
M30,3:22:06
M33,3:22:06
M37,3:22:07
M29,3:22:08
M28,3:22:08
M50,3:22:08
M34,3:22:09
M41,3:22:09
M35,3:22:10
M39,3:22:10
M50,3:22:12
M25,3:22:12
M24,3:22:12
M30,3:22:13
M41,3:22:15
F30,3:22:15
M26,3:22:16
M39,3:22:18
M43,3:22:19
M31,3:22:19
M48,3:22:20
M36,3:22:23
M34,3:22:24
M24,3:22:24
M30,3:22:24
M37,3:22:27
M34,3:22:28
M33,3:22:28
M32,3:22:29
M40,3:22:32
M24,3:22:33
M38,3:22:34
F45,3:22:34
M29,3:22:35
M25,3:22:36
M31,3:22:37
M40,3:22:39
M25,3:22:40
M29,3:22:42
M29,3:22:43
M30,3:22:43
M25,3:22:43
M42,3:22:45
M43,3:22:46
F31,3:22:46
M46,3:22:47
M39,3:22:47
M27,3:22:47
M42,3:22:47
M38,3:22:48
M35,3:22:49
M37,3:22:50
M33,3:22:51
M30,3:22:53
M40,3:22:53
M55,3:22:56
M46,3:22:57
M35,3:22:57
M21,3:22:59
M42,3:23:00
M24,3:23:01
M44,3:23:01
M55,3:23:01
M42,3:23:01
M30,3:23:03
M37,3:23:05
M21,3:23:06
M34,3:23:06
M37,3:23:07
M28,3:23:08
M45,3:23:09
M21,3:23:10
M46,3:23:10
M39,3:23:11
F54,3:23:12
M28,3:23:14
M29,3:23:14
M27,3:23:16
M35,3:23:17
F27,3:23:17
M40,3:23:18
M38,3:23:19
M42,3:23:19
M29,3:23:20
M35,3:23:21
M36,3:23:22
M41,3:23:23
M32,3:23:24
M39,3:23:26
M30,3:23:29
M25,3:23:29
M31,3:23:31
M27,3:23:32
M32,3:23:35
M43,3:23:36
M39,3:23:37
M42,3:23:37
M30,3:23:38
M48,3:23:39
M33,3:23:39
M32,3:23:40
M27,3:23:40
M39,3:23:41
F35,3:23:42
M40,3:23:44
M35,3:23:45
M38,3:23:45
M42,3:23:45
M43,3:23:46
F26,3:23:47
M40,3:23:48
M40,3:23:49
M32,3:23:49
M41,3:23:51
M28,3:23:52
M24,3:23:53
M24,3:23:56
M42,3:23:56
M43,3:23:57
F36,3:23:59
M36,3:24:01
M31,3:24:04
M55,3:24:08
M27,3:24:09
M36,3:24:09
M35,3:24:10
M26,3:24:11
M38,3:24:12
M35,3:24:13
M34,3:24:14
M32,3:24:14
M37,3:24:15
M33,3:24:16
M40,3:24:16
M46,3:24:17
M31,3:24:18
M29,3:24:18
M50,3:24:21
M33,3:24:22
M31,3:24:24
F27,3:24:25
F32,3:24:26
F27,3:24:28
M53,3:24:29
M37,3:24:30
M33,3:24:30
M24,3:24:31
M33,3:24:32
M37,3:24:33
M28,3:24:36
M30,3:24:38
M37,3:24:39
M21,3:24:39
M24,3:24:39
M29,3:24:42
M31,3:24:44
M27,3:24:45
F26,3:24:47
F48,3:24:47
F29,3:24:47
M32,3:24:49
M18,3:24:50
M36,3:24:50
M47,3:24:50
M49,3:24:51
M34,3:24:51
M35,3:24:52
M42,3:24:53
M51,3:24:55
M30,3:24:56
M37,3:24:57
M44,3:24:59
M22,3:25:00
M47,3:25:00
M32,3:25:02
M38,3:25:03
M25,3:25:03
M34,3:25:07
M40,3:25:08
M41,3:25:08
M25,3:25:08
M43,3:25:09
M41,3:25:10
M37,3:25:12
M36,3:25:13
M25,3:25:15
M39,3:25:16
F34,3:25:16
M34,3:25:17
M37,3:25:17
M48,3:25:18
M26,3:25:18
M57,3:25:18
M43,3:25:19
M36,3:25:20
M31,3:25:20
M27,3:25:21
M51,3:25:22
M44,3:25:23
M39,3:25:23
M32,3:25:24
M43,3:25:24
M44,3:25:25
M31,3:25:26
M59,3:25:26
M35,3:25:26
M45,3:25:27
F51,3:25:27
M41,3:25:29
M23,3:25:30
M45,3:25:31
M37,3:25:31
M38,3:25:31
F34,3:25:34
M52,3:25:34
M46,3:25:35
M45,3:25:36
M39,3:25:36
M31,3:25:36
M30,3:25:37
F36,3:25:37
M37,3:25:38
M38,3:25:38
M57,3:25:39
F36,3:25:39
M29,3:25:39
M22,3:25:40
M44,3:25:41
M30,3:25:42
M37,3:25:42
M46,3:25:44
M39,3:25:45
M23,3:25:46
M38,3:25:47
M48,3:25:47
M35,3:25:49
M24,3:25:49
M34,3:25:50
M35,3:25:51
M25,3:25:52
F35,3:25:53
M51,3:25:53
M40,3:25:54
M30,3:25:54
M29,3:25:55
M31,3:25:57
M45,3:26:00
M38,3:26:00
M55,3:26:00
M34,3:26:01
M32,3:26:01
M31,3:26:01
M47,3:26:03
M45,3:26:04
M33,3:26:04
M46,3:26:07
F33,3:26:12
M35,3:26:13
M27,3:26:15
M41,3:26:16
M28,3:26:16
M40,3:26:17
M39,3:26:18
M33,3:26:19
M30,3:26:19
M40,3:26:20
M32,3:26:20
M41,3:26:20
M33,3:26:21
M42,3:26:21
M33,3:26:22
M43,3:26:22
M44,3:26:23
M33,3:26:24
F37,3:26:26
M21,3:26:26
M40,3:26:27
F25,3:26:28
M46,3:26:29
M37,3:26:29
M50,3:26:30
M36,3:26:30
M38,3:26:31
M28,3:26:31
M35,3:26:32
M23,3:26:33
M37,3:26:33
M39,3:26:33
F27,3:26:33
F28,3:26:33
M31,3:26:34
M29,3:26:34
M42,3:26:34
M64,3:26:35
M42,3:26:35
F36,3:26:36
M45,3:26:37
M26,3:26:37
M39,3:26:38
M43,3:26:40
M28,3:26:40
M40,3:26:40
M33,3:26:41
F29,3:26:41
M32,3:26:41
M45,3:26:42
M41,3:26:44
M25,3:26:45
F38,3:26:51
M38,3:26:52
M35,3:26:58
M42,3:26:59
M43,3:27:00
M38,3:27:01
M27,3:27:02
M27,3:27:03
F28,3:27:03
M28,3:27:03
F30,3:27:04
M36,3:27:04
M24,3:27:05
M40,3:27:05
M42,3:27:05
M36,3:27:06
M30,3:27:06
F29,3:27:07
M35,3:27:08
M24,3:27:09
M33,3:27:09
F36,3:27:09
M55,3:27:09
M35,3:27:09
M42,3:27:09
M37,3:27:10
M41,3:27:10
M31,3:27:11
M38,3:27:11
M43,3:27:12
M24,3:27:12
M44,3:27:12
M42,3:27:13
F34,3:27:14
M46,3:27:14
M37,3:27:16
M32,3:27:16
M40,3:27:18
M31,3:27:18
M25,3:27:18
M39,3:27:19
M36,3:27:19
M26,3:27:20
M28,3:27:22
M38,3:27:23
F29,3:27:23
M46,3:27:23
M27,3:27:24
M31,3:27:24
M36,3:27:25
M25,3:27:25
M30,3:27:26
M34,3:27:28
F25,3:27:29
M55,3:27:29
M33,3:27:30
M43,3:27:32
M47,3:27:32
M52,3:27:33
M36,3:27:36
F29,3:27:38
M43,3:27:38
M39,3:27:39
M47,3:27:40
F30,3:27:40
M31,3:27:41
M26,3:27:42
M43,3:27:45
M52,3:27:48
M37,3:27:48
M48,3:27:49
M23,3:27:49
M29,3:27:50
M37,3:27:50
M25,3:27:51
M36,3:27:52
M35,3:27:52
M24,3:27:53
F27,3:27:53
M42,3:27:54
M37,3:27:55
M40,3:27:56
F42,3:27:56
M41,3:27:56
M31,3:27:57
M41,3:27:57
M37,3:28:01
M27,3:28:02
M35,3:28:04
M24,3:28:04
F49,3:28:06
M44,3:28:07
M52,3:28:07
M37,3:28:08
M24,3:28:08
M37,3:28:09
M32,3:28:10
M48,3:28:11
M29,3:28:11
M38,3:28:12
M43,3:28:13
M30,3:28:13
M41,3:28:14
M38,3:28:14
M24,3:28:15
M30,3:28:15
M39,3:28:16
M38,3:28:16
M47,3:28:17
M34,3:28:18
M34,3:28:19
M43,3:28:19
M50,3:28:20
M35,3:28:20
M47,3:28:21
M22,3:28:22
M40,3:28:24
M35,3:28:25
M37,3:28:25
M33,3:28:27
M54,3:28:28
M28,3:28:30
M34,3:28:30
M39,3:28:31
F41,3:28:31
M36,3:28:31
M39,3:28:32
M34,3:28:32
M46,3:28:33
M27,3:28:35
M32,3:28:35
M43,3:28:37
M46,3:28:38
M35,3:28:39
M46,3:28:39
M39,3:28:40
M40,3:28:40
M32,3:28:41
M25,3:28:41
M46,3:28:41
M29,3:28:41
M26,3:28:42
M33,3:28:44
M16,3:28:45
M36,3:28:46
M34,3:28:46
M42,3:28:46
M41,3:28:47
M49,3:28:48
M24,3:28:48
M39,3:28:48
M25,3:28:48
M51,3:28:48
M29,3:28:50
M29,3:28:50
M41,3:28:51
M25,3:28:52
M41,3:28:52
M38,3:28:55
M44,3:28:56
M45,3:28:56
M40,3:28:59
M32,3:28:59
M33,3:29:00
M30,3:29:02
M41,3:29:04
M31,3:29:04
M21,3:29:05
M28,3:29:05
M46,3:29:06
F31,3:29:08
M30,3:29:09
M37,3:29:10
M32,3:29:10
M30,3:29:12
M33,3:29:12
M33,3:29:14
M47,3:29:15
M28,3:29:16
M29,3:29:18
M28,3:29:19
M17,3:29:20
M29,3:29:21
M28,3:29:24
M43,3:29:25
F40,3:29:26
M44,3:29:27
M36,3:29:27
M39,3:29:29
M23,3:29:29
M40,3:29:30
M34,3:29:30
M49,3:29:31
M33,3:29:34
M21,3:29:35
M33,3:29:35
M36,3:29:35
M49,3:29:36
M43,3:29:36
F34,3:29:36
M39,3:29:36
M40,3:29:37
M36,3:29:37
M39,3:29:37
M35,3:29:38
M40,3:29:38
M39,3:29:38
M42,3:29:38
M42,3:29:39
M31,3:29:39
M27,3:29:39
M28,3:29:40
M36,3:29:40
M35,3:29:40
M44,3:29:40
M42,3:29:40
M17,3:29:41
M38,3:29:43
M48,3:29:44
M29,3:29:44
M42,3:29:44
M26,3:29:46
M55,3:29:47
M32,3:29:47
M25,3:29:47
M35,3:29:48
M36,3:29:48
M38,3:29:48
M26,3:29:50
M42,3:29:50
F38,3:29:50
M44,3:29:51
M41,3:29:52
M29,3:29:53
M24,3:29:54
F34,3:29:55
M41,3:29:55
M37,3:29:56
M28,3:29:56
M26,3:29:56
M42,3:29:56
M38,3:29:57
M41,3:29:58
F39,3:29:58
M37,3:29:58
M30,3:29:59
M37,3:30:00
M26,3:30:00
F30,3:30:00
M50,3:30:01
M41,3:30:01
M41,3:30:02
M42,3:30:03
M29,3:30:03
M32,3:30:04
M35,3:30:06
M49,3:30:08
M44,3:30:09
M32,3:30:09
F25,3:30:10
M29,3:30:11
M55,3:30:12
M28,3:30:13
M54,3:30:14
M46,3:30:14
M27,3:30:14
M29,3:30:14
M36,3:30:14
M31,3:30:15
M37,3:30:15
M36,3:30:15
M34,3:30:15
M30,3:30:16
M29,3:30:16
M47,3:30:16
M27,3:30:18
M21,3:30:19
M46,3:30:20
M44,3:30:21
M32,3:30:21
M36,3:30:22
M36,3:30:22
M27,3:30:25
M26,3:30:25
F36,3:30:26
M27,3:30:28
M25,3:30:29
M49,3:30:29
M35,3:30:30
M33,3:30:30
M40,3:30:33
M24,3:30:35
M44,3:30:36
M25,3:30:37
M57,3:30:37
M35,3:30:38
M28,3:30:39
M27,3:30:39
M46,3:30:39
F30,3:30:39
M37,3:30:39
M40,3:30:41
M29,3:30:41
M38,3:30:44
M39,3:30:45
M33,3:30:46
M35,3:30:47
M39,3:30:47
F40,3:30:48
M33,3:30:48
M45,3:30:49
M40,3:30:49
M31,3:30:50
M24,3:30:50
M41,3:30:51
F29,3:30:52
M48,3:30:54
M29,3:30:57
F36,3:30:57
M35,3:30:58
F41,3:31:00
M34,3:31:00
M37,3:31:01
M36,3:31:01
M38,3:31:02
M40,3:31:02
M44,3:31:03
M27,3:31:03
M32,3:31:05
M29,3:31:06
M37,3:31:06
M34,3:31:06
M50,3:31:06
M25,3:31:07
M38,3:31:08
M34,3:31:09
M46,3:31:09
M37,3:31:10
F35,3:31:10
M45,3:31:10
M34,3:31:10
M37,3:31:11
M30,3:31:11
M29,3:31:11
M42,3:31:12
M40,3:31:13
F29,3:31:13
F29,3:31:13
M36,3:31:13
M43,3:31:14
M36,3:31:15
M42,3:31:15
M43,3:31:15
M52,3:31:17
F33,3:31:18
M36,3:31:18
M23,3:31:19
M24,3:31:20
M23,3:31:20
M29,3:31:21
M34,3:31:24
M31,3:31:24
M27,3:31:25
M37,3:31:26
M41,3:31:26
M25,3:31:27
M30,3:31:27
M44,3:31:27
M45,3:31:28
M42,3:31:28
M28,3:31:29
M53,3:31:30
M21,3:31:30
M32,3:31:33
M41,3:31:34
M28,3:31:35
M41,3:31:38
M32,3:31:39
M28,3:31:39
M27,3:31:41
M42,3:31:42
F26,3:31:42
M47,3:31:42
M29,3:31:43
M49,3:31:44
M48,3:31:45
M32,3:31:46
M24,3:31:47
M26,3:31:47
M46,3:31:48
M34,3:31:49
M45,3:31:49
F35,3:31:52
M27,3:31:53
M55,3:31:54
M28,3:31:55
M49,3:31:55
M35,3:31:56
M28,3:31:57
M32,3:31:58
M33,3:32:00
M29,3:32:00
F40,3:32:00
M32,3:32:01
M26,3:32:02
M35,3:32:04
M34,3:32:04
M32,3:32:05
F31,3:32:06
M42,3:32:06
F22,3:32:07
M43,3:32:08
M40,3:32:08
M51,3:32:08
M51,3:32:08
M48,3:32:09
M40,3:32:09
M37,3:32:09
M28,3:32:09
F33,3:32:11
M32,3:32:12
M32,3:32:12
M37,3:32:12
M55,3:32:14
M50,3:32:14
M30,3:32:15
M27,3:32:17
M48,3:32:17
M36,3:32:17
M37,3:32:17
M22,3:32:18
M29,3:32:19
M56,3:32:20
M35,3:32:20
M28,3:32:20
M61,3:32:22
M47,3:32:23
M43,3:32:23
F29,3:32:23
M28,3:32:24
F32,3:32:24
M23,3:32:25
M29,3:32:25
M32,3:32:27
M50,3:32:29
F30,3:32:29
M38,3:32:29
M41,3:32:29
M47,3:32:30
M45,3:32:30
M27,3:32:31
M34,3:32:32
M34,3:32:33
M46,3:32:34
M35,3:32:35
M40,3:32:35
M49,3:32:35
M21,3:32:36
F34,3:32:36
M40,3:32:38
M30,3:32:38
M29,3:32:39
M39,3:32:40
M34,3:32:40
M43,3:32:41
M34,3:32:41
M39,3:32:42
M29,3:32:42
M29,3:32:42
M28,3:32:44
F44,3:32:44
F38,3:32:45
M30,3:32:45
M36,3:32:46
M31,3:32:46
F44,3:32:46
M39,3:32:47
M40,3:32:49
M45,3:32:50
M39,3:32:53
M25,3:32:55
M41,3:32:56
M19,3:32:57
M29,3:32:58
M28,3:32:58
M30,3:32:59
M30,3:32:59
M42,3:33:00
M43,3:33:00
M25,3:33:01
M20,3:33:02
M39,3:33:02
M34,3:33:04
M30,3:33:04
M40,3:33:06
M30,3:33:06
M41,3:33:07
M34,3:33:07
M32,3:33:08
M38,3:33:08
M37,3:33:09
M31,3:33:10
M34,3:33:10
M37,3:33:13
M43,3:33:15
M40,3:33:16
M28,3:33:17
M31,3:33:18
M47,3:33:18
M35,3:33:20
M50,3:33:21
M31,3:33:21
M42,3:33:23
M39,3:33:24
M30,3:33:25
M32,3:33:25
M30,3:33:26
M42,3:33:27
M27,3:33:27
M38,3:33:29
M39,3:33:29
M52,3:33:29
M28,3:33:30
M61,3:33:31
M35,3:33:31
F23,3:33:32
M45,3:33:33
M45,3:33:35
M50,3:33:35
M37,3:33:37
M44,3:33:37
M38,3:33:39
M40,3:33:39
M42,3:33:39
M27,3:33:40
M34,3:33:41
M41,3:33:41
M41,3:33:42
M27,3:33:42
M28,3:33:42
M31,3:33:45
M40,3:33:46
M39,3:33:46
M40,3:33:47
M25,3:33:50
M45,3:33:50
M32,3:33:50
M45,3:33:50
M40,3:33:51
M51,3:33:51
M16,3:33:52
M32,3:33:52
M49,3:33:53
M35,3:33:53
M33,3:33:53
M23,3:33:54
M23,3:33:54
M34,3:33:54
M33,3:33:55
M34,3:33:55
M33,3:33:57
M40,3:33:59
M32,3:33:59
M36,3:33:59
M20,3:34:00
M26,3:34:01
M25,3:34:01
M42,3:34:02
M23,3:34:02
F48,3:34:03
M37,3:34:03
M46,3:34:03
F40,3:34:03
M26,3:34:04
M51,3:34:04
M25,3:34:05
M63,3:34:05
M39,3:34:06
M44,3:34:06
M29,3:34:07
M27,3:34:08
M36,3:34:09
F37,3:34:10
M34,3:34:12
M28,3:34:13
M57,3:34:14
M37,3:34:14
M44,3:34:14
F34,3:34:15
M30,3:34:15
M49,3:34:15
M31,3:34:16
M23,3:34:17
M43,3:34:17
M34,3:34:18
M29,3:34:18
M36,3:34:19
M39,3:34:20
M34,3:34:21
M30,3:34:21
M25,3:34:21
M41,3:34:24
M45,3:34:24
M37,3:34:25
M35,3:34:25
M37,3:34:26
M39,3:34:26
M37,3:34:27
M29,3:34:32
M36,3:34:32
M20,3:34:32
M43,3:34:33
M31,3:34:34
F29,3:34:34
M27,3:34:35
M33,3:34:35
M22,3:34:35
M30,3:34:37
M24,3:34:37
M32,3:34:37
M32,3:34:38
M31,3:34:38
M42,3:34:38
M43,3:34:39
M31,3:34:40
M40,3:34:40
M41,3:34:43
M37,3:34:43
M34,3:34:44
M34,3:34:45
M43,3:34:47
F37,3:34:47
M19,3:34:47
M41,3:34:48
M40,3:34:48
M52,3:34:50
M30,3:34:50
M45,3:34:50
M27,3:34:52
M48,3:34:52
M36,3:34:53
M27,3:34:53
M36,3:34:54
M38,3:34:54
M43,3:34:54
M30,3:34:54
M34,3:34:55
M24,3:34:56
M42,3:34:56
M39,3:35:01
M28,3:35:03
M18,3:35:04
M26,3:35:05
M39,3:35:06
M44,3:35:07
M32,3:35:07
M41,3:35:08
M34,3:35:09
M28,3:35:10
M45,3:35:10
M21,3:35:11
M39,3:35:11
M27,3:35:11
M44,3:35:12
M48,3:35:12
M34,3:35:13
M36,3:35:13
M46,3:35:14
M47,3:35:15
M30,3:35:15
M39,3:35:15
M55,3:35:15
M53,3:35:16
M24,3:35:16
M46,3:35:16
M59,3:35:17
M40,3:35:17
M30,3:35:17
M25,3:35:17
M36,3:35:18
M34,3:35:18
M45,3:35:19
M33,3:35:19
M38,3:35:21
M32,3:35:23
F29,3:35:23
F24,3:35:24
M25,3:35:24
M24,3:35:24
M44,3:35:25
M50,3:35:25
M25,3:35:26
M41,3:35:26
M37,3:35:26
M39,3:35:28
M47,3:35:28
M44,3:35:29
M36,3:35:30
M41,3:35:34
F27,3:35:35
M36,3:35:36
M41,3:35:36
M43,3:35:37
M32,3:35:38
M38,3:35:38
M51,3:35:39
M24,3:35:39
M40,3:35:39
M23,3:35:40
M40,3:35:40
M41,3:35:40
M30,3:35:42
M34,3:35:44
M41,3:35:45
M35,3:35:46
M28,3:35:47
M33,3:35:49
M51,3:35:50
F42,3:35:51
M33,3:35:52
M27,3:35:53
M34,3:35:54
M40,3:35:55
M29,3:35:56
M45,3:35:58
M41,3:35:58
M39,3:35:59
M30,3:35:59
M39,3:36:00
M33,3:36:00
M32,3:36:00
M42,3:36:01
M33,3:36:01
M38,3:36:02
M21,3:36:03
M34,3:36:05
M25,3:36:06
M36,3:36:06
M34,3:36:07
M34,3:36:09
M44,3:36:10
M26,3:36:10
M28,3:36:11
M35,3:36:11
M34,3:36:12
M50,3:36:15
M26,3:36:15
M52,3:36:16
M26,3:36:17
M39,3:36:18
M25,3:36:19
M48,3:36:19
M50,3:36:22
M34,3:36:23
M52,3:36:26
M41,3:36:27
M25,3:36:27
M39,3:36:27
M46,3:36:28
F39,3:36:28
M37,3:36:28
M50,3:36:28
M41,3:36:29
M39,3:36:30
M36,3:36:31
F36,3:36:31
M35,3:36:32
M33,3:36:34
M38,3:36:34
M41,3:36:35
M43,3:36:36
M34,3:36:38
M34,3:36:39
M20,3:36:40
M34,3:36:40
M34,3:36:41
M26,3:36:41
M36,3:36:42
M41,3:36:43
M38,3:36:44
M32,3:36:44
M52,3:36:45
M53,3:36:45
M44,3:36:46
M39,3:36:46
M38,3:36:46
M31,3:36:46
M45,3:36:46
M28,3:36:47
M31,3:36:48
M44,3:36:50
M42,3:36:51
M28,3:36:51
M23,3:36:54
M36,3:36:54
M40,3:36:55
M60,3:36:55
F29,3:36:55
M60,3:36:57
M41,3:36:58
M25,3:36:59
M23,3:36:59
M52,3:37:01
M57,3:37:02
M42,3:37:03
F27,3:37:03
M30,3:37:03
M29,3:37:03
F35,3:37:04
M49,3:37:05
F27,3:37:06
M28,3:37:06
F40,3:37:06
M34,3:37:07
M42,3:37:09
M31,3:37:10
M23,3:37:12
M44,3:37:12
M34,3:37:13
M46,3:37:13
M34,3:37:15
M44,3:37:16
M41,3:37:17
M38,3:37:18
M38,3:37:18
F38,3:37:19
M31,3:37:19
M22,3:37:19
M23,3:37:19
M42,3:37:20
F41,3:37:20
M37,3:37:20
M44,3:37:20
M28,3:37:21
M35,3:37:22
M49,3:37:22
F26,3:37:22
M33,3:37:22
M39,3:37:23
M34,3:37:23
M46,3:37:24
M48,3:37:26
M35,3:37:26
M37,3:37:27
M27,3:37:28
M40,3:37:28
F38,3:37:28
M40,3:37:29
M22,3:37:29
M26,3:37:29
M30,3:37:31
M36,3:37:31
M43,3:37:32
M42,3:37:34
M68,3:37:34
M29,3:37:35
M44,3:37:35
M25,3:37:35
M37,3:37:36
F18,3:37:36
M26,3:37:36
M47,3:37:36
M32,3:37:38
M25,3:37:38
M32,3:37:39
M35,3:37:39
M42,3:37:39
M31,3:37:40
M33,3:37:41
M49,3:37:41
M35,3:37:42
M26,3:37:43
M37,3:37:44
M30,3:37:44
M36,3:37:45
M32,3:37:45
M47,3:37:45
M49,3:37:46
M34,3:37:46
M28,3:37:47
F26,3:37:48
M50,3:37:48
M37,3:37:48
M34,3:37:51
M38,3:37:52
M28,3:37:52
F32,3:37:53
M41,3:37:53
M50,3:37:54
M28,3:37:56
M28,3:37:57
M44,3:37:59
M49,3:38:00
M44,3:38:00
M32,3:38:00
M23,3:38:01
M21,3:38:01
M27,3:38:02
M40,3:38:02
M27,3:38:03
M24,3:38:03
M31,3:38:05
M39,3:38:06
M43,3:38:07
M44,3:38:07
M31,3:38:07
M33,3:38:08
M29,3:38:08
M58,3:38:08
M27,3:38:09
M31,3:38:09
M40,3:38:10
M25,3:38:11
M33,3:38:12
M31,3:38:13
M36,3:38:14
M46,3:38:14
M24,3:38:14
M17,3:38:15
M35,3:38:15
M37,3:38:15
M40,3:38:16
M49,3:38:17
M25,3:38:17
M29,3:38:18
M45,3:38:18
F36,3:38:19
M41,3:38:19
M39,3:38:19
M27,3:38:19
M42,3:38:20
M44,3:38:20
F22,3:38:20
F33,3:38:21
M28,3:38:21
M37,3:38:21
M39,3:38:22
M33,3:38:23
M42,3:38:24
M29,3:38:24
M41,3:38:25
M38,3:38:25
M40,3:38:26
M37,3:38:26
M51,3:38:27
M38,3:38:28
M35,3:38:28
M39,3:38:29
M29,3:38:30
M21,3:38:30
F31,3:38:30
M24,3:38:31
M45,3:38:32
M25,3:38:32
M21,3:38:33
M30,3:38:34
M39,3:38:35
M23,3:38:35
M55,3:38:36
F28,3:38:37
M35,3:38:37
M40,3:38:40
M44,3:38:41
M58,3:38:42
M33,3:38:43
F30,3:38:43
M29,3:38:43
M26,3:38:46
M35,3:38:46
M28,3:38:47
M29,3:38:48
M50,3:38:49
M36,3:38:49
M40,3:38:50
M30,3:38:50
M40,3:38:51
F27,3:38:52
M46,3:38:52
F28,3:38:53
M46,3:38:54
M38,3:38:54
M42,3:38:55
M35,3:38:56
M25,3:38:56
F41,3:38:57
M33,3:38:59
M24,3:39:00
M37,3:39:01
M37,3:39:01
M35,3:39:02
M30,3:39:02
M30,3:39:03
M54,3:39:04
M30,3:39:05
M29,3:39:05
M36,3:39:06
M33,3:39:06
M36,3:39:07
M37,3:39:07
M29,3:39:08
M38,3:39:08
M29,3:39:08
M23,3:39:08
M39,3:39:08
M42,3:39:08
M41,3:39:08
M29,3:39:09
M58,3:39:09
M27,3:39:10
M38,3:39:11
M36,3:39:11
M25,3:39:12
M31,3:39:12
M30,3:39:13
M46,3:39:13
M38,3:39:15
M58,3:39:15
M41,3:39:16
M31,3:39:17
M39,3:39:17
M37,3:39:17
M39,3:39:17
M39,3:39:18
M33,3:39:19
M31,3:39:19
M33,3:39:19
M29,3:39:19
M35,3:39:21
M27,3:39:22
M30,3:39:23
F41,3:39:23
M28,3:39:23
M29,3:39:24
M45,3:39:24
M33,3:39:25
M30,3:39:26
F36,3:39:26
M46,3:39:28
M41,3:39:28
M37,3:39:29
M23,3:39:30
M30,3:39:30
M54,3:39:30
M51,3:39:30
M36,3:39:31
M38,3:39:33
M32,3:39:34
M34,3:39:34
M37,3:39:34
M24,3:39:35
M37,3:39:35
M27,3:39:35
M32,3:39:36
M30,3:39:36
M31,3:39:37
M43,3:39:37
M39,3:39:38
M25,3:39:39
M31,3:39:39
M25,3:39:40
M39,3:39:40
M23,3:39:40
M43,3:39:41
M39,3:39:41
M46,3:39:41
M29,3:39:41
M40,3:39:42
M36,3:39:43
M39,3:39:43
M44,3:39:43
M34,3:39:43
M35,3:39:44
M38,3:39:44
M26,3:39:45
M23,3:39:45
F23,3:39:46
M42,3:39:46
M32,3:39:46
M51,3:39:46
M43,3:39:47
F37,3:39:48
M30,3:39:49
M34,3:39:50
M41,3:39:50
M37,3:39:51
M56,3:39:52
F36,3:39:54
M49,3:39:54
M24,3:39:55
M36,3:39:55
M35,3:39:56
M49,3:39:56
F35,3:39:57
M42,3:40:00
M49,3:40:00
M35,3:40:01
M40,3:40:01
M36,3:40:02
M39,3:40:02
M43,3:40:02
M26,3:40:03
M45,3:40:05
M32,3:40:05
M44,3:40:06
F23,3:40:06
F31,3:40:06
F24,3:40:06
M29,3:40:07
M38,3:40:07
M31,3:40:08
M47,3:40:08
M32,3:40:10
M26,3:40:10
M32,3:40:11
M32,3:40:11
M26,3:40:12
M34,3:40:13
M38,3:40:13
M45,3:40:14
M24,3:40:15
F32,3:40:16
F39,3:40:16
M28,3:40:17
M48,3:40:18
M31,3:40:18
M37,3:40:18
M42,3:40:19
F41,3:40:20
M26,3:40:20
M32,3:40:20
F31,3:40:21
M51,3:40:21
F34,3:40:21
M40,3:40:23
M34,3:40:24
F34,3:40:25
M44,3:40:25
M29,3:40:26
M25,3:40:28
M23,3:40:29
M41,3:40:29
M30,3:40:29
M30,3:40:29
M27,3:40:30
M54,3:40:30
M42,3:40:31
M51,3:40:31
M27,3:40:31
M56,3:40:32
M40,3:40:32
M47,3:40:33
M43,3:40:33
M42,3:40:34
M40,3:40:34
M43,3:40:34
M26,3:40:34
M46,3:40:35
M28,3:40:35
M21,3:40:36
M29,3:40:36
M43,3:40:36
M43,3:40:36
M49,3:40:37
M38,3:40:39
M39,3:40:39
M37,3:40:40
M40,3:40:40
M51,3:40:40
M30,3:40:41
M37,3:40:41
M20,3:40:41
F38,3:40:42
M31,3:40:42
M42,3:40:43
M27,3:40:43
M40,3:40:43
M29,3:40:45
M37,3:40:45
M42,3:40:46
M30,3:40:47
M23,3:40:47
M32,3:40:47
M32,3:40:48
M40,3:40:48
F30,3:40:49
M37,3:40:49
M27,3:40:50
M50,3:40:51
M49,3:40:51
M33,3:40:52
M29,3:40:52
F29,3:40:53
M25,3:40:53
M45,3:40:54
M22,3:40:57
M27,3:40:57
M30,3:40:58
F31,3:40:58
M36,3:40:58
F47,3:41:00
M23,3:41:02
M36,3:41:03
M41,3:41:04
F24,3:41:06
F28,3:41:06
M38,3:41:06
M34,3:41:06
M31,3:41:06
M23,3:41:07
M36,3:41:07
M26,3:41:08
M26,3:41:08
M30,3:41:08
M31,3:41:08
F28,3:41:10
M26,3:41:10
M50,3:41:12
M27,3:41:12
M42,3:41:12
M44,3:41:13
M28,3:41:13
M46,3:41:13
M33,3:41:14
M28,3:41:15
F36,3:41:16
M37,3:41:16
M48,3:41:16
M29,3:41:17
M33,3:41:18
M31,3:41:20
M31,3:41:20
M40,3:41:20
M29,3:41:22
M28,3:41:22
M27,3:41:23
M24,3:41:23
M31,3:41:23
F45,3:41:24
M38,3:41:24
M33,3:41:24
M36,3:41:24
M36,3:41:25
M30,3:41:26
M24,3:41:27
M40,3:41:27
M25,3:41:28
M23,3:41:28
M30,3:41:28
M44,3:41:29
M41,3:41:30
F41,3:41:31
M36,3:41:31
M47,3:41:31
F32,3:41:33
M20,3:41:33
M30,3:41:33
M32,3:41:34
M31,3:41:34
M41,3:41:35
F51,3:41:36
M25,3:41:37
M40,3:41:38
M38,3:41:39
M46,3:41:39
M41,3:41:39
M34,3:41:40
M37,3:41:41
M28,3:41:41
M39,3:41:41
M38,3:41:42
F36,3:41:42
M33,3:41:43
M33,3:41:44
F23,3:41:44
M27,3:41:45
M35,3:41:45
M45,3:41:46
F24,3:41:46
M35,3:41:46
M30,3:41:47
M31,3:41:47
F29,3:41:47
M35,3:41:48
M50,3:41:48
M30,3:41:48
M24,3:41:49
M41,3:41:49
M33,3:41:49
M35,3:41:50
M41,3:41:51
M24,3:41:51
M25,3:41:51
M35,3:41:51
M35,3:41:52
F25,3:41:52
M37,3:41:53
M40,3:41:54
M34,3:41:55
M43,3:41:55
F27,3:41:56
M38,3:41:56
M38,3:41:58
M37,3:41:58
M23,3:41:59
M32,3:42:00
M19,3:42:01
M33,3:42:01
M41,3:42:02
M38,3:42:02
M25,3:42:03
M44,3:42:04
M28,3:42:09
M25,3:42:10
M50,3:42:10
M29,3:42:10
M36,3:42:11
M27,3:42:12
M27,3:42:12
M28,3:42:13
M28,3:42:14
M18,3:42:15
M27,3:42:16
M33,3:42:17
M41,3:42:18
M40,3:42:18
M28,3:42:18
M48,3:42:19
M40,3:42:19
F24,3:42:19
M31,3:42:20
M31,3:42:20
F27,3:42:20
M21,3:42:21
M31,3:42:21
M51,3:42:22
F36,3:42:22
M28,3:42:23
M26,3:42:23
F51,3:42:24
M34,3:42:25
M34,3:42:26
M29,3:42:26
M25,3:42:26
M42,3:42:27
M38,3:42:27
F21,3:42:27
M48,3:42:28
M31,3:42:28
F39,3:42:30
M22,3:42:30
M32,3:42:31
M41,3:42:31
M36,3:42:32
M30,3:42:33
M30,3:42:33
M39,3:42:34
M32,3:42:34
M47,3:42:35
M38,3:42:35
F44,3:42:36
M25,3:42:36
M29,3:42:37
M65,3:42:37
M40,3:42:38
M47,3:42:38
F40,3:42:38
M37,3:42:39
F30,3:42:39
M53,3:42:42
M26,3:42:43
M41,3:42:44
M29,3:42:45
M45,3:42:45
M35,3:42:47
F42,3:42:47
M61,3:42:47
M42,3:42:48
M30,3:42:49
M45,3:42:49
M29,3:42:50
M42,3:42:51
M31,3:42:51
M38,3:42:52
M47,3:42:52
F30,3:42:53
F32,3:42:55
M33,3:42:57
M40,3:42:57
M37,3:42:57
F31,3:42:58
M49,3:42:59
M38,3:43:00
M43,3:43:02
M31,3:43:03
M36,3:43:04
M45,3:43:04
M30,3:43:05
M28,3:43:05
M34,3:43:06
M50,3:43:07
M45,3:43:07
M45,3:43:07
M40,3:43:08
M32,3:43:09
M24,3:43:09
M27,3:43:09
M23,3:43:10
M47,3:43:11
M50,3:43:11
M41,3:43:14
M43,3:43:14
M28,3:43:15
M32,3:43:16
M32,3:43:18
M43,3:43:19
M56,3:43:19
M31,3:43:20
M26,3:43:20
M56,3:43:21
M36,3:43:22
M38,3:43:22
M31,3:43:23
M36,3:43:24
M32,3:43:26
M29,3:43:26
M30,3:43:27
M46,3:43:27
M40,3:43:28
M28,3:43:29
F25,3:43:29
F28,3:43:30
M31,3:43:30
M36,3:43:31
M47,3:43:32
M26,3:43:33
M30,3:43:35
M46,3:43:39
M41,3:43:39
M51,3:43:41
F34,3:43:41
F31,3:43:42
M37,3:43:42
M27,3:43:45
M60,3:43:45
M31,3:43:46
F27,3:43:46
M42,3:43:47
M37,3:43:48
M48,3:43:48
M17,3:43:50
M41,3:43:50
F25,3:43:51
M29,3:43:51
M40,3:43:51
M39,3:43:51
M16,3:43:52
M52,3:43:52
M37,3:43:52
M23,3:43:53
M35,3:43:54
M32,3:43:54
M31,3:43:55
M32,3:43:55
M37,3:43:56
M44,3:43:57
M26,3:43:57
M33,3:43:57
M37,3:43:58
M35,3:43:58
M36,3:44:01
M29,3:44:01
M37,3:44:04
M32,3:44:04
M35,3:44:04
M29,3:44:05
M42,3:44:05
F27,3:44:06
M39,3:44:08
M33,3:44:08
M37,3:44:09
M34,3:44:09
M29,3:44:10
M40,3:44:11
M30,3:44:12
M34,3:44:12
F32,3:44:12
M25,3:44:13
M34,3:44:13
M29,3:44:13
M40,3:44:13
F55,3:44:13
M31,3:44:14
M30,3:44:14
M38,3:44:14
M33,3:44:14
M40,3:44:15
M42,3:44:15
M55,3:44:15
M35,3:44:16
M40,3:44:17
M33,3:44:18
M33,3:44:18
M43,3:44:19
M40,3:44:20
F38,3:44:20
F39,3:44:21
M23,3:44:21
M28,3:44:21
M42,3:44:23
M41,3:44:24
M35,3:44:24
M32,3:44:26
M23,3:44:26
F40,3:44:28
M31,3:44:29
M27,3:44:29
M31,3:44:30
M50,3:44:31
M26,3:44:32
M45,3:44:33
M33,3:44:33
M37,3:44:35
M45,3:44:36
F23,3:44:36
M24,3:44:36
M43,3:44:36
M28,3:44:37
M25,3:44:37
M36,3:44:37
M44,3:44:38
M38,3:44:38
M47,3:44:38
M34,3:44:38
M37,3:44:39
M41,3:44:39
M32,3:44:40
M47,3:44:40
M28,3:44:40
M25,3:44:41
M22,3:44:41
M43,3:44:43
M36,3:44:43
M37,3:44:44
F28,3:44:44
M21,3:44:46
M35,3:44:46
M47,3:44:47
M24,3:44:48
M38,3:44:49
M27,3:44:50
M44,3:44:52
M49,3:44:52
M30,3:44:53
M27,3:44:55
M46,3:44:56
M35,3:44:56
M40,3:44:56
M37,3:44:57
M31,3:44:58
M30,3:44:59
F41,3:44:59
M28,3:44:59
M42,3:45:00
M35,3:45:01
F33,3:45:02
M42,3:45:02
M47,3:45:03
F39,3:45:03
M33,3:45:03
M36,3:45:04
M34,3:45:05
M35,3:45:05
F20,3:45:05
M26,3:45:05
M30,3:45:06
M23,3:45:06
M19,3:45:07
F43,3:45:07
M34,3:45:07
M39,3:45:08
M37,3:45:08
M41,3:45:09
M29,3:45:10
F36,3:45:11
M37,3:45:11
M29,3:45:12
M35,3:45:13
M42,3:45:13
M39,3:45:14
M34,3:45:14
M48,3:45:15
M30,3:45:16
M40,3:45:17
M23,3:45:18
M38,3:45:19
F40,3:45:19
F45,3:45:21
M36,3:45:21
M43,3:45:22
F44,3:45:22
M38,3:45:22
M45,3:45:23
M55,3:45:24
F35,3:45:25
M30,3:45:25
M44,3:45:25
M26,3:45:26
M38,3:45:26
M49,3:45:27
M50,3:45:27
F27,3:45:27
M37,3:45:28
M37,3:45:28
M45,3:45:29
M43,3:45:29
M27,3:45:29
M51,3:45:30
M17,3:45:31
M47,3:45:32
M40,3:45:32
M31,3:45:33
M30,3:45:33
M21,3:45:34
M38,3:45:34
F34,3:45:35
M41,3:45:35
M34,3:45:35
M26,3:45:36
M42,3:45:36
M49,3:45:37
M32,3:45:37
M39,3:45:38
M36,3:45:38
M31,3:45:38
M41,3:45:39
M36,3:45:41
F36,3:45:41
M42,3:45:41
M36,3:45:42
M36,3:45:43
F36,3:45:43
M38,3:45:44
M34,3:45:45
M27,3:45:46
M33,3:45:46
M32,3:45:47
M45,3:45:48
F36,3:45:48
M38,3:45:48
M44,3:45:49
M41,3:45:49
M30,3:45:50
M23,3:45:50
M29,3:45:50
M37,3:45:51
M37,3:45:52
M35,3:45:54
M42,3:45:55
M36,3:45:56
M49,3:45:56
F31,3:45:57
M35,3:45:57
M29,3:45:58
F32,3:45:58
M37,3:45:58
M46,3:45:58
M30,3:45:59
M33,3:45:59
M45,3:45:59
M39,3:45:59
M27,3:46:00
M29,3:46:00
M30,3:46:00
M46,3:46:01
M44,3:46:02
M38,3:46:03
M44,3:46:04
F22,3:46:04
M34,3:46:06
M45,3:46:07
F20,3:46:07
M26,3:46:07
M48,3:46:07
M32,3:46:08
M30,3:46:09
M41,3:46:10
M42,3:46:12
M36,3:46:12
M47,3:46:13
M29,3:46:13
M21,3:46:13
M46,3:46:13
M45,3:46:15
M51,3:46:16
M38,3:46:17
M52,3:46:17
M39,3:46:18
M39,3:46:18
M45,3:46:19
M35,3:46:19
M31,3:46:20
M32,3:46:21
M32,3:46:21
F26,3:46:21
M35,3:46:22
M40,3:46:22
M36,3:46:24
M24,3:46:25
M33,3:46:25
M34,3:46:26
M25,3:46:26
F49,3:46:26
M34,3:46:26
F24,3:46:26
M36,3:46:27
M39,3:46:27
M40,3:46:27
F40,3:46:29
F44,3:46:29
M37,3:46:29
M20,3:46:32
M35,3:46:32
M47,3:46:32
M41,3:46:33
M40,3:46:33
M40,3:46:33
M31,3:46:34
M28,3:46:34
M48,3:46:36
M32,3:46:37
M54,3:46:37
M54,3:46:37
M31,3:46:38
M33,3:46:38
M33,3:46:39
M49,3:46:41
M34,3:46:41
M36,3:46:41
M30,3:46:42
F29,3:46:42
M33,3:46:43
M28,3:46:43
M44,3:46:44
M29,3:46:45
M50,3:46:45
M24,3:46:45
M43,3:46:46
F22,3:46:46
M34,3:46:46
M41,3:46:46
F22,3:46:46
M36,3:46:47
M29,3:46:47
M16,3:46:48
M42,3:46:49
F28,3:46:50
M23,3:46:50
M45,3:46:50
M38,3:46:51
M42,3:46:52
M37,3:46:52
M33,3:46:52
M39,3:46:53
M37,3:46:53
M48,3:46:53
M38,3:46:53
M36,3:46:54
M58,3:46:54
F35,3:46:54
M27,3:46:54
M33,3:46:55
M44,3:46:56
M24,3:46:56
M37,3:46:57
F31,3:46:57
M31,3:46:57
F22,3:46:57
M35,3:46:58
M27,3:46:58
M51,3:46:59
M50,3:47:00
M40,3:47:01
M41,3:47:01
M33,3:47:01
F37,3:47:02
M45,3:47:02
M40,3:47:03
M27,3:47:03
M40,3:47:05
M30,3:47:08
M39,3:47:08
M30,3:47:09
F27,3:47:09
M38,3:47:10
F43,3:47:10
F29,3:47:11
M38,3:47:12
M39,3:47:12
M37,3:47:13
M29,3:47:13
M36,3:47:13
M42,3:47:14
M48,3:47:15
M29,3:47:15
M29,3:47:15
M32,3:47:16
M38,3:47:17
M27,3:47:18
M40,3:47:18
M32,3:47:18
M38,3:47:19
M38,3:47:19
F54,3:47:20
M22,3:47:20
M36,3:47:20
M35,3:47:21
M22,3:47:21
F40,3:47:22
M38,3:47:22
F39,3:47:22
M22,3:47:23
M27,3:47:23
M28,3:47:24
M42,3:47:25
M54,3:47:25
M41,3:47:25
M40,3:47:25
M51,3:47:25
M40,3:47:26
F19,3:47:26
M31,3:47:27
M39,3:47:28
M38,3:47:28
M44,3:47:29
M26,3:47:30
M35,3:47:31
M37,3:47:31
M24,3:47:32
M39,3:47:33
M28,3:47:34
M28,3:47:34
M45,3:47:35
M33,3:47:36
M39,3:47:36
M40,3:47:36
M36,3:47:37
M37,3:47:37
M42,3:47:38
M41,3:47:38
M42,3:47:39
M28,3:47:40
M41,3:47:40
M33,3:47:42
M35,3:47:42
M38,3:47:43
M30,3:47:43
M48,3:47:44
F28,3:47:44
M36,3:47:44
M16,3:47:44
M52,3:47:44
M37,3:47:45
M19,3:47:45
M28,3:47:46
M24,3:47:47
M41,3:47:47
F25,3:47:48
M40,3:47:48
M32,3:47:49
M33,3:47:49
M35,3:47:49
M34,3:47:49
M41,3:47:50
F27,3:47:51
M39,3:47:51
M35,3:47:51
M53,3:47:51
M47,3:47:52
F28,3:47:52
M38,3:47:52
M25,3:47:53
M35,3:47:53
M30,3:47:54
M36,3:47:55
M38,3:47:55
M28,3:47:56
M33,3:47:56
M36,3:47:56
M39,3:47:57
M37,3:47:59
M28,3:47:59
M34,3:48:00
M39,3:48:00
M36,3:48:01
M62,3:48:01
M31,3:48:02
M35,3:48:03
M45,3:48:04
M32,3:48:04
M45,3:48:06
F40,3:48:07
M26,3:48:07
M44,3:48:07
M34,3:48:07
M29,3:48:08
M28,3:48:08
M42,3:48:08
M37,3:48:08
M30,3:48:09
M28,3:48:11
M31,3:48:12
M40,3:48:13
M38,3:48:16
M26,3:48:16
M40,3:48:17
M38,3:48:17
M41,3:48:18
M38,3:48:19
M22,3:48:21
M45,3:48:21
M41,3:48:22
M27,3:48:22
M40,3:48:23
M35,3:48:23
M50,3:48:24
M36,3:48:25
M41,3:48:25
M49,3:48:25
M31,3:48:26
M21,3:48:26
M30,3:48:27
M48,3:48:27
M32,3:48:28
M40,3:48:29
M35,3:48:30
M35,3:48:31
M32,3:48:31
M41,3:48:31
M43,3:48:31
M22,3:48:32
M31,3:48:32
M33,3:48:32
M32,3:48:33
M30,3:48:33
M30,3:48:34
M50,3:48:35
M49,3:48:35
M31,3:48:35
M24,3:48:37
M33,3:48:37
F27,3:48:38
F29,3:48:39
M37,3:48:40
M39,3:48:41
F30,3:48:41
M37,3:48:41
M32,3:48:41
M24,3:48:42
M24,3:48:42
M29,3:48:43
M46,3:48:44
M50,3:48:45
M51,3:48:46
M33,3:48:48
M47,3:48:50
M23,3:48:50
M36,3:48:51
M39,3:48:51
M32,3:48:51
F36,3:48:52
M24,3:48:53
M37,3:48:53
F25,3:48:54
M26,3:48:54
M42,3:48:55
F38,3:48:55
M28,3:48:55
M45,3:48:55
M41,3:48:56
M29,3:48:56
M37,3:48:57
M41,3:48:57
M38,3:48:58
F35,3:48:59
F36,3:49:01
M35,3:49:02
M32,3:49:02
F39,3:49:02
M33,3:49:03
M41,3:49:03
M40,3:49:05
M43,3:49:06
M30,3:49:07
M32,3:49:08
M33,3:49:09
M34,3:49:09
M35,3:49:09
M27,3:49:09
M31,3:49:09
M23,3:49:10
M54,3:49:10
M28,3:49:11
M38,3:49:11
M44,3:49:12
M35,3:49:13
M43,3:49:14
M24,3:49:14
M32,3:49:15
M42,3:49:16
F34,3:49:19
M38,3:49:19
M42,3:49:20
M36,3:49:22
F37,3:49:22
M55,3:49:23
M28,3:49:24
M35,3:49:24
M35,3:49:25
M52,3:49:25
M31,3:49:26
M24,3:49:27
M38,3:49:27
M26,3:49:27
M37,3:49:28
M43,3:49:28
M38,3:49:29
M31,3:49:29
M37,3:49:29
M31,3:49:30
M29,3:49:30
M28,3:49:30
M27,3:49:31
F37,3:49:31
M57,3:49:32
M59,3:49:32
M24,3:49:33
F40,3:49:33
M34,3:49:34
M25,3:49:35
M42,3:49:36
F27,3:49:36
M29,3:49:36
M48,3:49:36
M21,3:49:36
M31,3:49:37
F49,3:49:37
M32,3:49:38
M49,3:49:39
M26,3:49:39
M50,3:49:39
M36,3:49:40
M34,3:49:41
M28,3:49:41
M23,3:49:43
M37,3:49:43
M24,3:49:43
M49,3:49:43
M37,3:49:44
M48,3:49:44
M41,3:49:46
M32,3:49:46
F51,3:49:46
M46,3:49:47
M30,3:49:47
F25,3:49:48
M37,3:49:48
M21,3:49:48
M29,3:49:48
M24,3:49:49
M42,3:49:49
M24,3:49:49
F24,3:49:50
M51,3:49:50
M28,3:49:51
M39,3:49:51
M29,3:49:51
M45,3:49:52
M36,3:49:52
M51,3:49:52
M48,3:49:53
M49,3:49:53
M36,3:49:54
M37,3:49:55
M64,3:49:55
M28,3:49:56
M42,3:49:56
M35,3:49:57
M33,3:49:57
F35,3:49:58
M39,3:49:58
M42,3:50:01
M24,3:50:02
M37,3:50:03
M42,3:50:04
F30,3:50:04
M40,3:50:05
M40,3:50:07
M48,3:50:08
M35,3:50:08
F37,3:50:08
F33,3:50:10
M41,3:50:10
F32,3:50:10
M44,3:50:11
F33,3:50:11
M40,3:50:13
M45,3:50:13
M43,3:50:14
M28,3:50:14
M44,3:50:15
M32,3:50:15
M35,3:50:15
M24,3:50:16
M48,3:50:16
M31,3:50:18
M43,3:50:18
F44,3:50:18
M49,3:50:19
M44,3:50:19
M45,3:50:19
M20,3:50:20
M42,3:50:20
M54,3:50:21
M31,3:50:22
M27,3:50:22
M35,3:50:23
M36,3:50:23
F45,3:50:23
M24,3:50:23
M25,3:50:25
F32,3:50:27
M43,3:50:27
F29,3:50:27
F46,3:50:28
M32,3:50:29
M28,3:50:30
M37,3:50:30
M40,3:50:31
M55,3:50:33
M29,3:50:33
M45,3:50:34
M40,3:50:35
M40,3:50:35
M57,3:50:35
M39,3:50:36
M38,3:50:36
M43,3:50:37
F25,3:50:37
M49,3:50:38
F24,3:50:38
M28,3:50:39
F34,3:50:39
M44,3:50:39
M46,3:50:39
M37,3:50:40
F39,3:50:40
F31,3:50:41
M37,3:50:41
M47,3:50:43
M28,3:50:43
M46,3:50:45
M46,3:50:46
M42,3:50:46
F24,3:50:46
M37,3:50:46
M49,3:50:47
M62,3:50:48
M26,3:50:48
M29,3:50:48
M23,3:50:49
M37,3:50:49
M35,3:50:50
F41,3:50:50
M36,3:50:50
M41,3:50:52
M37,3:50:54
M34,3:50:54
M43,3:50:54
M32,3:50:55
M43,3:50:55
M42,3:50:56
M33,3:50:56
M36,3:50:57
M36,3:50:57
M42,3:50:57
M34,3:50:58
M36,3:50:58
M43,3:50:59
F28,3:50:59
M25,3:51:00
F35,3:51:02
M41,3:51:02
M33,3:51:02
M46,3:51:02
M27,3:51:03
F48,3:51:03
M38,3:51:03
M36,3:51:04
M44,3:51:04
M32,3:51:05
M29,3:51:05
M32,3:51:07
M35,3:51:08
M49,3:51:09
M42,3:51:09
F37,3:51:10
M24,3:51:13
M19,3:51:13
M38,3:51:15
M35,3:51:16
M46,3:51:18
F42,3:51:18
M37,3:51:19
M44,3:51:20
M36,3:51:21
F23,3:51:21
M22,3:51:21
F42,3:51:21
M39,3:51:23
M32,3:51:23
M52,3:51:23
M33,3:51:23
M30,3:51:24
M39,3:51:24
M41,3:51:25
M38,3:51:25
M48,3:51:25
M37,3:51:25
M39,3:51:25
M16,3:51:27
M43,3:51:27
M56,3:51:28
M26,3:51:28
M26,3:51:29
F29,3:51:29
M39,3:51:30
M55,3:51:30
M34,3:51:30
M36,3:51:31
M48,3:51:31
M28,3:51:31
M50,3:51:32
M45,3:51:32
M23,3:51:32
M39,3:51:32
M24,3:51:33
M49,3:51:33
F33,3:51:33
M25,3:51:33
M50,3:51:33
M35,3:51:34
M33,3:51:34
M38,3:51:34
M52,3:51:35
M39,3:51:35
M36,3:51:35
M34,3:51:35
M25,3:51:36
M30,3:51:36
M28,3:51:36
M35,3:51:37
M25,3:51:38
M51,3:51:39
F29,3:51:39
M42,3:51:41
F26,3:51:41
M41,3:51:42
M35,3:51:42
F37,3:51:42
M31,3:51:43
F42,3:51:44
M42,3:51:44
F35,3:51:45
M30,3:51:45
M30,3:51:45
F43,3:51:45
M39,3:51:45
M29,3:51:46
M23,3:51:46
M39,3:51:46
M51,3:51:46
M32,3:51:47
M38,3:51:47
M42,3:51:48
M44,3:51:48
F43,3:51:48
M37,3:51:49
M28,3:51:49
M25,3:51:50
M34,3:51:50
M45,3:51:50
M33,3:51:51
M35,3:51:51
M47,3:51:52
M33,3:51:52
M43,3:51:53
M30,3:51:54
M29,3:51:55
F30,3:51:56
M37,3:51:56
F38,3:51:56
M25,3:51:57
M39,3:51:58
M38,3:51:58
M37,3:51:59
M41,3:51:59
M34,3:52:00
F40,3:52:00
F33,3:52:00
M30,3:52:01
M22,3:52:02
M48,3:52:02
M46,3:52:02
M36,3:52:04
M31,3:52:05
M38,3:52:05
M33,3:52:05
F28,3:52:05
M42,3:52:07
M47,3:52:08
M34,3:52:09
M42,3:52:10
M35,3:52:10
M50,3:52:10
M30,3:52:11
M40,3:52:11
M40,3:52:11
M29,3:52:12
M48,3:52:12
M31,3:52:12
M29,3:52:12
M38,3:52:13
M28,3:52:13
M48,3:52:14
M41,3:52:14
M44,3:52:14
M60,3:52:15
M45,3:52:15
F47,3:52:16
M31,3:52:17
M31,3:52:17
M26,3:52:17
M27,3:52:17
M34,3:52:18
F22,3:52:18
M34,3:52:18
M29,3:52:18
M31,3:52:19
M41,3:52:20
M27,3:52:21
M41,3:52:22
M30,3:52:22
M35,3:52:22
M30,3:52:22
M29,3:52:23
M26,3:52:24
M30,3:52:25
