age,male,time_seconds,year
21,1,7552,2010
28,1,7643,2010
29,1,7719,2010
27,1,7721,2010
34,1,7766,2010
31,1,7853,2010
32,1,7908,2010
27,1,7924,2010
32,1,7944,2010
29,1,7953,2010
27,1,7960,2010
26,1,8027,2010
27,1,8088,2010
35,1,8090,2010
25,1,8097,2010
24,1,8196,2010
30,1,8235,2010
41,1,8248,2010
33,1,8261,2010
30,1,8357,2010
26,1,8456,2010
21,1,8472,2010
47,1,8475,2010
26,1,8489,2010
29,1,8504,2010
27,1,8511,2010
28,1,8579,2010
30,1,8580,2010
39,1,8588,2010
31,1,8613,2010
22,1,8630,2010
44,1,8644,2010
24,1,8647,2010
36,1,8655,2010
35,1,8674,2010
24,1,8704,2010
33,1,8719,2010
35,1,8740,2010
36,1,8745,2010
38,1,8759,2010
29,1,8761,2010
27,0,8771,2010
24,0,8774,2010
28,1,8785,2010
29,1,8830,2010
30,1,8834,2010
27,1,8836,2010
41,1,8842,2010
29,1,8846,2010
30,1,8846,2010
28,1,8848,2010
23,1,8850,2010
24,1,8857,2010
28,1,8873,2010
26,1,8893,2010
33,1,8905,2010
33,1,8909,2010
33,0,8915,2010
29,1,8915,2010
29,1,8915,2010
24,0,8916,2010
21,1,8922,2010
42,1,8928,2010
30,1,8934,2010
26,1,8945,2010
29,1,8948,2010
33,0,8952,2010
27,1,8953,2010
34,1,8956,2010
25,1,8962,2010
28,1,8965,2010
32,1,8966,2010
25,1,8976,2010
31,1,8979,2010
32,1,8987,2010
28,1,8996,2010
32,1,9000,2010
26,1,9015,2010
27,1,9019,2010
25,1,9026,2010
36,0,9031,2010
35,1,9036,2010
24,0,9040,2010
25,1,9054,2010
42,1,9058,2010
36,1,9065,2010
48,1,9068,2010
27,1,9069,2010
25,0,9074,2010
29,0,9108,2010
43,1,9113,2010
32,0,9115,2010
32,1,9121,2010
27,1,9122,2010
32,1,9133,2010
24,1,9147,2010
26,1,9154,2010
22,1,9162,2010
33,1,9172,2010
29,1,9175,2010
23,1,9178,2010
32,1,9179,2010
30,1,9181,2010
28,1,9193,2010
30,1,9195,2010
30,0,9201,2010
25,1,9205,2010
30,1,9210,2010
28,1,9212,2010
28,1,9218,2010
23,0,9228,2010
41,1,9230,2010
34,1,9243,2010
26,1,9252,2010
23,1,9258,2010
43,1,9261,2010
25,1,9267,2010
28,1,9280,2010
35,1,9284,2010
34,1,9285,2010
26,1,9289,2010
25,1,9292,2010
45,1,9294,2010
25,1,9294,2010
36,1,9295,2010
28,1,9310,2010
29,1,9316,2010
35,1,9321,2010
32,1,9339,2010
39,1,9351,2010
39,1,9354,2010
34,1,9357,2010
31,1,9358,2010
26,1,9359,2010
27,0,9360,2010
30,0,9364,2010
36,1,9364,2010
37,1,9366,2010
23,1,9367,2010
26,1,9372,2010
31,1,9374,2010
31,1,9375,2010
34,1,9376,2010
24,1,9380,2010
28,1,9395,2010
29,1,9402,2010
34,1,9404,2010
33,1,9405,2010
28,1,9410,2010
32,1,9410,2010
29,1,9411,2010
22,0,9420,2010
23,1,9421,2010
30,1,9424,2010
44,1,9428,2010
31,1,9429,2010
37,1,9433,2010
27,1,9434,2010
40,1,9434,2010
25,1,9441,2010
33,1,9446,2010
33,1,9448,2010
50,1,9450,2010
36,1,9453,2010
30,1,9457,2010
24,1,9460,2010
45,1,9462,2010
27,1,9463,2010
25,1,9466,2010
30,1,9472,2010
27,1,9475,2010
32,1,9476,2010
24,1,9478,2010
34,1,9478,2010
26,1,9482,2010
39,1,9484,2010
33,0,9492,2010
25,1,9492,2010
34,1,9493,2010
41,1,9502,2010
30,1,9511,2010
24,1,9511,2010
42,1,9512,2010
22,1,9528,2010
40,1,9534,2010
25,1,9540,2010
26,0,9542,2010
27,1,9547,2010
24,1,9550,2010
29,0,9554,2010
29,1,9557,2010
30,1,9557,2010
25,1,9560,2010
28,1,9567,2010
26,1,9567,2010
32,1,9568,2010
30,1,9568,2010
36,1,9570,2010
45,1,9573,2010
26,1,9580,2010
34,1,9583,2010
31,1,9586,2010
25,1,9588,2010
48,1,9589,2010
27,1,9592,2010
31,1,9592,2010
22,1,9598,2010
39,1,9603,2010
27,0,9607,2010
25,0,9616,2010
34,1,9617,2010
23,1,9622,2010
31,1,9623,2010
29,1,9626,2010
29,1,9626,2010
27,1,9628,2010
21,0,9633,2010
48,1,9638,2010
25,1,9641,2010
27,1,9642,2010
38,0,9646,2010
34,1,9649,2010
24,1,9650,2010
40,1,9652,2010
52,1,9654,2010
37,1,9655,2010
24,1,9657,2010
28,1,9660,2010
32,1,9662,2010
32,1,9663,2010
29,1,9667,2010
28,1,9671,2010
31,1,9674,2010
24,1,9676,2010
33,1,9678,2010
45,1,9680,2010
32,1,9681,2010
28,1,9683,2010
42,1,9683,2010
33,1,9685,2010
28,1,9686,2010
24,1,9690,2010
23,1,9695,2010
37,1,9697,2010
43,1,9698,2010
30,1,9703,2010
28,1,9703,2010
35,1,9707,2010
37,1,9708,2010
33,1,9714,2010
29,1,9714,2010
25,1,9717,2010
35,1,9718,2010
37,1,9719,2010
31,1,9720,2010
33,1,9721,2010
35,1,9722,2010
37,1,9741,2010
34,1,9742,2010
36,1,9743,2010
56,1,9747,2010
33,1,9748,2010
41,1,9749,2010
24,1,9750,2010
37,1,9754,2010
28,0,9758,2010
32,1,9759,2010
39,1,9760,2010
37,1,9761,2010
29,1,9762,2010
25,1,9766,2010
32,1,9768,2010
30,1,9776,2010
34,1,9777,2010
46,1,9778,2010
36,1,9778,2010
24,1,9779,2010
25,1,9782,2010
26,1,9784,2010
23,1,9785,2010
40,1,9790,2010
35,1,9790,2010
41,0,9796,2010
28,1,9797,2010
42,1,9799,2010
54,1,9802,2010
46,1,9808,2010
30,1,9811,2010
32,1,9812,2010
32,1,9814,2010
47,1,9816,2010
24,1,9817,2010
32,1,9817,2010
29,1,9830,2010
45,1,9833,2010
41,1,9840,2010
33,0,9841,2010
36,1,9849,2010
30,1,9849,2010
31,1,9849,2010
29,1,9850,2010
25,0,9856,2010
30,1,9857,2010
43,1,9857,2010
31,0,9859,2010
28,1,9861,2010
38,1,9864,2010
31,1,9864,2010
42,1,9867,2010
33,1,9870,2010
43,1,9870,2010
32,1,9870,2010
29,1,9870,2010
27,1,9871,2010
38,1,9872,2010
42,1,9876,2010
34,1,9876,2010
30,1,9880,2010
27,1,9883,2010
54,1,9884,2010
25,1,9885,2010
27,1,9885,2010
36,1,9886,2010
29,1,9886,2010
24,1,9887,2010
40,1,9887,2010
30,1,9890,2010
45,1,9893,2010
34,1,9898,2010
19,1,9899,2010
25,1,9899,2010
33,1,9900,2010
25,1,9900,2010
28,1,9902,2010
30,1,9903,2010
52,1,9905,2010
23,1,9905,2010
22,1,9907,2010
41,1,9910,2010
48,1,9912,2010
33,1,9916,2010
22,1,9917,2010
34,1,9918,2010
29,1,9919,2010
32,0,9920,2010
38,1,9920,2010
27,1,9922,2010
37,1,9923,2010
31,1,9926,2010
27,1,9928,2010
26,1,9930,2010
36,1,9932,2010
24,1,9935,2010
32,1,9935,2010
47,1,9935,2010
32,1,9937,2010
28,1,9938,2010
33,1,9940,2010
25,1,9941,2010
35,1,9949,2010
30,0,9951,2010
26,1,9951,2010
38,1,9953,2010
27,1,9956,2010
46,1,9958,2010
41,1,9960,2010
41,1,9963,2010
32,1,9968,2010
35,1,9971,2010
50,1,9977,2010
27,1,9978,2010
36,1,9978,2010
48,1,9983,2010
29,1,9984,2010
42,1,9985,2010
27,1,9985,2010
30,1,9989,2010
25,1,9990,2010
24,1,9990,2010
23,1,9990,2010
27,1,9991,2010
53,1,9993,2010
30,1,9993,2010
30,1,9993,2010
37,1,9997,2010
40,1,9998,2010
38,1,9999,2010
28,1,10000,2010
31,1,10002,2010
46,1,10003,2010
32,1,10003,2010
44,0,10005,2010
41,1,10005,2010
27,1,10006,2010
35,1,10006,2010
42,1,10006,2010
37,1,10009,2010
35,1,10009,2010
31,1,10009,2010
38,1,10011,2010
43,1,10012,2010
38,0,10013,2010
29,1,10014,2010
23,1,10016,2010
30,1,10016,2010
31,1,10017,2010
44,1,10020,2010
32,1,10020,2010
35,1,10021,2010
51,1,10024,2010
25,1,10026,2010
24,1,10027,2010
45,1,10031,2010
48,1,10036,2010
25,1,10036,2010
26,1,10036,2010
34,1,10039,2010
26,1,10043,2010
42,1,10047,2010
27,1,10049,2010
47,1,10049,2010
34,1,10051,2010
32,1,10052,2010
47,1,10054,2010
31,1,10055,2010
29,1,10056,2010
24,1,10057,2010
26,1,10058,2010
33,1,10058,2010
32,1,10060,2010
39,1,10060,2010
52,1,10065,2010
29,1,10067,2010
43,1,10070,2010
38,1,10074,2010
26,1,10075,2010
22,1,10076,2010
34,1,10076,2010
46,1,10076,2010
27,1,10077,2010
48,1,10079,2010
39,1,10079,2010
44,1,10081,2010
27,1,10082,2010
37,1,10088,2010
48,1,10088,2010
52,1,10090,2010
25,1,10091,2010
30,1,10091,2010
35,1,10091,2010
38,1,10092,2010
29,1,10097,2010
45,1,10099,2010
28,1,10103,2010
30,1,10103,2010
39,1,10104,2010
40,1,10105,2010
38,1,10105,2010
27,1,10106,2010
45,1,10107,2010
39,1,10109,2010
55,1,10110,2010
30,1,10112,2010
33,0,10115,2010
35,1,10118,2010
26,0,10121,2010
36,1,10121,2010
36,1,10121,2010
38,1,10122,2010
46,1,10122,2010
35,1,10122,2010
21,1,10124,2010
21,1,10125,2010
31,1,10126,2010
39,1,10126,2010
28,1,10127,2010
36,1,10128,2010
23,1,10128,2010
30,1,10130,2010
40,1,10132,2010
30,1,10134,2010
34,1,10134,2010
37,1,10135,2010
21,1,10137,2010
41,1,10137,2010
32,1,10143,2010
21,1,10143,2010
32,1,10144,2010
32,1,10145,2010
23,1,10145,2010
29,1,10147,2010
25,1,10147,2010
28,1,10149,2010
24,1,10152,2010
31,1,10153,2010
52,1,10153,2010
43,0,10155,2010
29,1,10156,2010
35,1,10157,2010
39,1,10160,2010
36,1,10160,2010
35,1,10161,2010
27,1,10162,2010
39,1,10163,2010
31,1,10164,2010
22,1,10164,2010
30,1,10166,2010
31,1,10166,2010
33,1,10166,2010
46,1,10173,2010
42,1,10175,2010
42,1,10175,2010
25,1,10176,2010
45,1,10176,2010
30,1,10176,2010
47,1,10176,2010
29,1,10179,2010
32,1,10180,2010
23,1,10182,2010
32,1,10183,2010
36,1,10183,2010
31,1,10184,2010
31,1,10185,2010
38,1,10185,2010
33,1,10187,2010
28,1,10187,2010
41,1,10189,2010
45,1,10192,2010
26,1,10192,2010
34,1,10192,2010
44,1,10193,2010
35,1,10194,2010
27,1,10196,2010
38,1,10200,2010
34,1,10201,2010
25,1,10201,2010
50,1,10206,2010
31,1,10207,2010
27,1,10210,2010
25,1,10213,2010
42,1,10214,2010
36,1,10217,2010
26,1,10217,2010
25,1,10218,2010
26,0,10218,2010
42,1,10220,2010
33,1,10222,2010
29,1,10223,2010
31,1,10223,2010
48,1,10223,2010
45,1,10224,2010
25,1,10224,2010
35,1,10225,2010
21,1,10226,2010
22,0,10232,2010
38,1,10233,2010
44,1,10234,2010
29,1,10235,2010
39,1,10238,2010
48,1,10238,2010
31,1,10240,2010
33,1,10240,2010
28,1,10242,2010
24,1,10244,2010
48,1,10245,2010
26,1,10245,2010
24,1,10246,2010
35,1,10248,2010
50,1,10248,2010
43,1,10250,2010
37,1,10250,2010
39,1,10251,2010
25,1,10251,2010
33,1,10251,2010
47,1,10255,2010
53,1,10256,2010
42,1,10257,2010
29,1,10257,2010
49,1,10259,2010
45,1,10259,2010
29,1,10260,2010
41,1,10264,2010
34,1,10270,2010
46,1,10270,2010
43,1,10272,2010
41,1,10273,2010
33,1,10275,2010
37,1,10276,2010
49,1,10278,2010
33,1,10280,2010
53,1,10285,2010
22,1,10286,2010
24,0,10287,2010
43,1,10289,2010
46,1,10292,2010
39,1,10297,2010
32,1,10297,2010
29,1,10298,2010
30,1,10298,2010
27,1,10299,2010
35,1,10299,2010
26,1,10300,2010
36,0,10302,2010
55,1,10303,2010
29,1,10303,2010
52,1,10304,2010
30,1,10304,2010
33,1,10306,2010
32,1,10308,2010
44,1,10308,2010
61,1,10308,2010
37,1,10310,2010
36,1,10310,2010
21,1,10310,2010
31,1,10312,2010
29,1,10314,2010
35,1,10314,2010
45,1,10317,2010
23,1,10317,2010
21,1,10320,2010
28,1,10323,2010
37,1,10324,2010
33,1,10326,2010
39,0,10328,2010
41,1,10328,2010
34,1,10329,2010
34,1,10331,2010
34,1,10331,2010
28,1,10332,2010
48,1,10332,2010
26,1,10333,2010
36,1,10336,2010
33,1,10338,2010
35,1,10341,2010
24,1,10344,2010
35,1,10345,2010
43,1,10345,2010
37,0,10346,2010
38,1,10349,2010
37,1,10349,2010
27,1,10351,2010
26,1,10353,2010
38,1,10353,2010
45,1,10355,2010
26,1,10356,2010
30,1,10357,2010
20,1,10358,2010
22,1,10359,2010
22,1,10359,2010
25,1,10360,2010
23,1,10361,2010
27,1,10361,2010
22,1,10362,2010
31,1,10363,2010
33,1,10364,2010
39,1,10365,2010
33,1,10366,2010
30,1,10366,2010
36,1,10370,2010
28,1,10371,2010
32,1,10373,2010
24,1,10373,2010
29,1,10374,2010
36,1,10375,2010
51,1,10376,2010
21,1,10376,2010
21,1,10376,2010
35,1,10378,2010
39,1,10378,2010
32,1,10378,2010
29,1,10382,2010
19,1,10387,2010
25,0,10389,2010
44,1,10390,2010
37,1,10390,2010
34,1,10391,2010
32,1,10392,2010
44,1,10393,2010
42,1,10394,2010
38,1,10396,2010
35,1,10396,2010
42,1,10396,2010
44,1,10398,2010
27,1,10401,2010
36,1,10402,2010
48,1,10405,2010
44,1,10406,2010
44,1,10406,2010
34,1,10407,2010
21,1,10407,2010
26,1,10409,2010
33,0,10409,2010
40,1,10409,2010
51,1,10411,2010
54,1,10411,2010
38,1,10412,2010
22,1,10412,2010
31,1,10413,2010
27,1,10413,2010
35,1,10415,2010
46,1,10417,2010
40,0,10419,2010
40,1,10419,2010
24,1,10420,2010
43,1,10422,2010
41,1,10423,2010
36,1,10424,2010
23,0,10425,2010
36,1,10425,2010
32,1,10427,2010
31,1,10427,2010
43,1,10427,2010
38,1,10428,2010
47,1,10429,2010
23,1,10429,2010
38,1,10430,2010
45,1,10430,2010
22,1,10430,2010
22,1,10431,2010
35,1,10432,2010
38,1,10432,2010
41,1,10432,2010
29,1,10433,2010
50,1,10434,2010
28,1,10434,2010
42,1,10435,2010
36,1,10435,2010
45,1,10435,2010
38,1,10435,2010
48,1,10435,2010
30,1,10437,2010
28,1,10437,2010
26,1,10437,2010
43,1,10438,2010
31,1,10438,2010
36,1,10439,2010
41,1,10440,2010
28,1,10440,2010
37,1,10441,2010
58,1,10441,2010
40,1,10442,2010
20,1,10447,2010
22,1,10448,2010
40,1,10449,2010
44,1,10450,2010
47,1,10454,2010
38,1,10454,2010
27,1,10455,2010
33,1,10455,2010
28,1,10455,2010
45,0,10457,2010
22,1,10457,2010
53,1,10458,2010
28,1,10458,2010
48,1,10458,2010
34,1,10461,2010
39,1,10461,2010
36,1,10464,2010
33,1,10464,2010
43,0,10465,2010
33,1,10465,2010
32,1,10466,2010
43,1,10466,2010
28,1,10466,2010
37,1,10467,2010
45,1,10468,2010
35,1,10469,2010
35,1,10470,2010
51,1,10470,2010
22,1,10470,2010
45,1,10471,2010
23,1,10472,2010
27,1,10472,2010
27,1,10472,2010
39,1,10473,2010
30,0,10475,2010
31,1,10475,2010
38,1,10478,2010
42,1,10478,2010
44,1,10479,2010
40,1,10480,2010
34,1,10481,2010
28,1,10482,2010
33,1,10483,2010
21,1,10483,2010
29,1,10484,2010
38,1,10484,2010
36,1,10486,2010
39,1,10487,2010
38,1,10489,2010
41,1,10489,2010
23,1,10490,2010
33,1,10491,2010
41,1,10492,2010
43,1,10493,2010
42,1,10494,2010
27,1,10496,2010
30,1,10496,2010
29,0,10497,2010
28,1,10497,2010
28,1,10497,2010
43,1,10498,2010
36,1,10498,2010
33,1,10500,2010
50,1,10502,2010
24,1,10503,2010
32,1,10504,2010
24,1,10504,2010
31,1,10504,2010
38,1,10505,2010
31,1,10506,2010
30,1,10507,2010
33,1,10508,2010
37,1,10508,2010
37,1,10510,2010
31,1,10510,2010
29,1,10510,2010
43,0,10511,2010
44,1,10511,2010
28,1,10511,2010
32,1,10512,2010
39,1,10513,2010
26,0,10513,2010
45,1,10514,2010
34,1,10514,2010
30,1,10515,2010
28,1,10515,2010
30,0,10515,2010
26,1,10516,2010
23,0,10517,2010
32,1,10517,2010
36,1,10518,2010
39,1,10521,2010
29,1,10521,2010
39,1,10521,2010
35,1,10521,2010
44,1,10521,2010
43,1,10522,2010
30,1,10523,2010
42,1,10525,2010
26,1,10525,2010
46,1,10527,2010
42,1,10531,2010
39,1,10531,2010
37,1,10531,2010
35,1,10532,2010
27,1,10532,2010
53,1,10533,2010
38,1,10533,2010
44,1,10534,2010
45,1,10536,2010
29,1,10537,2010
45,1,10538,2010
38,1,10540,2010
35,1,10541,2010
27,1,10541,2010
38,1,10541,2010
32,1,10542,2010
29,1,10543,2010
27,1,10543,2010
35,1,10544,2010
28,1,10545,2010
30,1,10545,2010
35,1,10546,2010
27,1,10546,2010
54,1,10547,2010
23,1,10551,2010
28,1,10551,2010
36,1,10552,2010
34,1,10552,2010
30,1,10552,2010
35,1,10554,2010
27,1,10554,2010
42,1,10555,2010
45,1,10555,2010
46,1,10557,2010
37,1,10557,2010
38,1,10559,2010
28,1,10560,2010
44,1,10561,2010
28,1,10561,2010
34,1,10562,2010
30,1,10564,2010
48,1,10564,2010
40,1,10565,2010
35,1,10565,2010
25,1,10566,2010
20,1,10566,2010
32,1,10566,2010
29,1,10567,2010
48,1,10567,2010
23,1,10568,2010
31,1,10569,2010
37,1,10570,2010
23,1,10571,2010
40,1,10572,2010
41,1,10572,2010
33,1,10573,2010
26,1,10573,2010
27,1,10574,2010
34,1,10575,2010
49,1,10575,2010
29,1,10576,2010
42,1,10577,2010
40,1,10577,2010
31,1,10577,2010
50,1,10578,2010
40,1,10578,2010
48,1,10578,2010
46,1,10579,2010
42,0,10580,2010
33,1,10580,2010
32,1,10581,2010
38,1,10581,2010
29,1,10582,2010
27,1,10583,2010
40,1,10584,2010
32,1,10584,2010
28,1,10585,2010
41,1,10585,2010
29,1,10585,2010
35,1,10586,2010
41,0,10586,2010
43,1,10586,2010
24,1,10587,2010
51,1,10588,2010
25,1,10589,2010
61,1,10590,2010
35,1,10591,2010
41,1,10592,2010
34,1,10592,2010
34,1,10592,2010
54,1,10593,2010
44,1,10593,2010
23,1,10594,2010
27,1,10595,2010
29,1,10595,2010
40,1,10595,2010
37,1,10597,2010
23,0,10598,2010
29,1,10599,2010
42,1,10599,2010
36,0,10600,2010
28,1,10601,2010
30,1,10601,2010
29,1,10602,2010
24,1,10603,2010
30,1,10604,2010
34,1,10604,2010
25,0,10604,2010
42,1,10606,2010
40,1,10606,2010
28,1,10606,2010
38,1,10607,2010
44,1,10607,2010
34,1,10608,2010
41,1,10609,2010
40,0,10612,2010
32,1,10612,2010
34,1,10613,2010
35,1,10613,2010
33,1,10613,2010
33,1,10614,2010
23,1,10614,2010
24,1,10614,2010
27,1,10616,2010
44,1,10616,2010
31,1,10616,2010
23,1,10617,2010
44,1,10617,2010
28,1,10617,2010
33,1,10618,2010
27,1,10619,2010
50,1,10620,2010
49,1,10620,2010
21,1,10621,2010
25,1,10621,2010
29,1,10622,2010
50,1,10623,2010
30,1,10623,2010
41,1,10623,2010
35,1,10623,2010
27,1,10623,2010
45,1,10624,2010
37,1,10624,2010
30,1,10624,2010
37,1,10625,2010
23,1,10627,2010
31,1,10627,2010
35,1,10629,2010
37,1,10629,2010
36,1,10629,2010
38,1,10630,2010
38,1,10630,2010
30,1,10630,2010
23,0,10630,2010
43,1,10631,2010
38,1,10631,2010
23,1,10633,2010
40,1,10633,2010
25,0,10633,2010
38,0,10636,2010
28,1,10637,2010
27,1,10637,2010
28,1,10638,2010
36,1,10638,2010
55,0,10639,2010
24,1,10639,2010
37,1,10639,2010
38,1,10641,2010
30,1,10641,2010
38,1,10641,2010
37,1,10641,2010
42,1,10641,2010
43,1,10643,2010
30,1,10643,2010
38,1,10644,2010
34,1,10644,2010
29,0,10645,2010
25,1,10646,2010
35,1,10646,2010
42,1,10646,2010
40,1,10647,2010
30,1,10647,2010
33,1,10647,2010
32,1,10648,2010
31,1,10648,2010
40,1,10649,2010
22,1,10650,2010
23,1,10650,2010
33,1,10651,2010
44,1,10652,2010
40,1,10652,2010
45,1,10652,2010
39,1,10653,2010
31,1,10653,2010
25,1,10653,2010
34,1,10655,2010
25,1,10655,2010
51,1,10656,2010
35,1,10657,2010
36,1,10657,2010
20,1,10657,2010
23,1,10658,2010
19,1,10659,2010
35,1,10660,2010
42,1,10660,2010
45,1,10661,2010
27,0,10663,2010
39,1,10664,2010
25,1,10664,2010
32,1,10666,2010
48,1,10666,2010
37,1,10666,2010
44,1,10666,2010
27,0,10666,2010
35,1,10666,2010
33,1,10668,2010
33,0,10669,2010
27,1,10670,2010
29,0,10672,2010
43,0,10673,2010
36,0,10673,2010
35,1,10673,2010
51,1,10675,2010
32,1,10676,2010
29,1,10676,2010
24,1,10677,2010
39,1,10677,2010
25,1,10677,2010
44,1,10678,2010
36,1,10678,2010
37,1,10678,2010
26,1,10679,2010
32,1,10679,2010
28,1,10679,2010
39,1,10680,2010
34,1,10680,2010
24,1,10680,2010
32,1,10680,2010
39,1,10681,2010
47,1,10681,2010
30,1,10681,2010
28,1,10681,2010
28,1,10682,2010
29,1,10682,2010
38,1,10683,2010
50,1,10683,2010
24,1,10683,2010
46,1,10684,2010
41,1,10685,2010
41,1,10685,2010
28,1,10687,2010
20,1,10687,2010
38,1,10687,2010
46,1,10688,2010
42,1,10688,2010
34,1,10690,2010
26,0,10690,2010
47,1,10690,2010
31,1,10691,2010
35,1,10691,2010
46,1,10691,2010
38,1,10692,2010
25,1,10692,2010
32,1,10692,2010
27,1,10693,2010
38,1,10693,2010
38,1,10694,2010
36,1,10694,2010
23,1,10694,2010
35,1,10694,2010
35,1,10694,2010
19,1,10695,2010
35,1,10696,2010
39,1,10696,2010
44,1,10697,2010
38,1,10697,2010
41,1,10697,2010
56,1,10698,2010
41,1,10698,2010
25,1,10700,2010
27,1,10700,2010
30,1,10701,2010
30,1,10702,2010
41,1,10702,2010
42,1,10703,2010
25,1,10703,2010
35,1,10703,2010
32,1,10703,2010
35,1,10704,2010
30,1,10704,2010
48,1,10705,2010
52,1,10705,2010
32,1,10706,2010
26,1,10706,2010
29,1,10707,2010
33,1,10708,2010
41,1,10709,2010
23,1,10710,2010
37,1,10711,2010
26,1,10711,2010
37,1,10711,2010
41,1,10712,2010
30,1,10713,2010
28,1,10713,2010
30,1,10713,2010
49,1,10714,2010
29,1,10715,2010
40,1,10715,2010
44,1,10715,2010
48,1,10716,2010
49,1,10716,2010
23,0,10717,2010
38,1,10718,2010
33,1,10718,2010
31,1,10718,2010
36,1,10719,2010
55,1,10721,2010
38,1,10721,2010
52,1,10721,2010
27,1,10722,2010
31,1,10722,2010
48,1,10723,2010
39,1,10725,2010
49,1,10726,2010
43,1,10726,2010
20,1,10726,2010
38,1,10726,2010
47,1,10727,2010
50,1,10727,2010
22,1,10727,2010
21,1,10727,2010
48,1,10728,2010
45,1,10729,2010
32,1,10729,2010
21,1,10729,2010
26,1,10730,2010
39,1,10732,2010
36,1,10732,2010
39,1,10732,2010
36,1,10732,2010
23,1,10732,2010
43,1,10733,2010
37,1,10733,2010
38,1,10733,2010
31,1,10733,2010
44,1,10734,2010
25,1,10734,2010
39,1,10734,2010
43,1,10734,2010
52,1,10735,2010
38,1,10735,2010
36,1,10735,2010
43,1,10737,2010
49,1,10737,2010
29,1,10738,2010
48,1,10739,2010
41,1,10739,2010
40,1,10740,2010
41,1,10740,2010
47,0,10741,2010
26,1,10741,2010
49,1,10741,2010
24,1,10742,2010
46,1,10742,2010
45,1,10743,2010
29,1,10743,2010
35,1,10743,2010
43,1,10744,2010
30,1,10745,2010
31,1,10745,2010
37,1,10745,2010
58,1,10745,2010
34,1,10746,2010
25,1,10746,2010
40,1,10747,2010
25,1,10747,2010
34,1,10747,2010
44,1,10747,2010
45,1,10748,2010
54,1,10748,2010
28,1,10748,2010
29,0,10748,2010
42,1,10748,2010
36,1,10748,2010
34,1,10748,2010
41,1,10749,2010
24,1,10750,2010
46,1,10750,2010
33,1,10751,2010
36,1,10752,2010
48,1,10753,2010
30,1,10753,2010
44,0,10754,2010
29,1,10755,2010
35,1,10755,2010
35,1,10755,2010
36,1,10756,2010
24,1,10756,2010
28,1,10756,2010
45,1,10757,2010
37,1,10757,2010
24,1,10758,2010
31,1,10758,2010
42,1,10758,2010
31,0,10759,2010
36,1,10759,2010
27,1,10760,2010
42,1,10761,2010
28,1,10761,2010
31,1,10762,2010
31,1,10762,2010
38,1,10762,2010
42,1,10763,2010
46,1,10763,2010
26,1,10763,2010
28,1,10763,2010
25,1,10763,2010
21,1,10764,2010
29,1,10765,2010
30,1,10766,2010
47,1,10766,2010
43,1,10767,2010
29,1,10767,2010
39,1,10767,2010
28,1,10767,2010
29,1,10767,2010
29,1,10768,2010
34,1,10768,2010
35,1,10769,2010
56,1,10769,2010
42,1,10769,2010
24,1,10769,2010
34,1,10769,2010
44,1,10769,2010
46,1,10770,2010
51,1,10770,2010
44,1,10770,2010
46,1,10770,2010
36,1,10770,2010
38,1,10771,2010
38,1,10771,2010
38,0,10771,2010
25,1,10772,2010
40,1,10772,2010
29,1,10773,2010
54,1,10774,2010
30,1,10774,2010
43,1,10775,2010
34,1,10775,2010
37,1,10775,2010
32,1,10775,2010
27,1,10775,2010
26,1,10775,2010
30,0,10775,2010
32,1,10776,2010
31,1,10777,2010
31,1,10777,2010
33,1,10778,2010
36,1,10778,2010
32,1,10778,2010
37,1,10778,2010
30,1,10779,2010
31,1,10779,2010
46,1,10779,2010
30,1,10780,2010
32,1,10780,2010
43,1,10781,2010
32,1,10781,2010
47,1,10782,2010
41,1,10782,2010
33,1,10782,2010
26,1,10783,2010
30,1,10783,2010
30,1,10784,2010
41,1,10785,2010
41,1,10785,2010
27,1,10786,2010
40,1,10787,2010
25,1,10787,2010
55,1,10788,2010
33,0,10788,2010
31,1,10789,2010
20,1,10790,2010
25,1,10790,2010
47,1,10790,2010
55,1,10791,2010
43,1,10793,2010
42,1,10793,2010
33,1,10795,2010
43,1,10795,2010
35,1,10795,2010
38,1,10795,2010
40,1,10796,2010
44,1,10796,2010
32,1,10796,2010
42,1,10797,2010
35,1,10797,2010
41,1,10797,2010
21,1,10798,2010
31,1,10798,2010
37,1,10798,2010
33,1,10798,2010
28,1,10799,2010
34,1,10799,2010
38,1,10799,2010
25,1,10799,2010
41,1,10799,2010
34,1,10800,2010
49,1,10800,2010
61,1,10801,2010
21,1,10801,2010
38,1,10801,2010
30,1,10802,2010
28,1,10802,2010
41,1,10803,2010
35,1,10803,2010
31,1,10803,2010
35,1,10803,2010
21,1,10804,2010
22,1,10804,2010
29,0,10805,2010
34,1,10806,2010
34,1,10806,2010
24,1,10806,2010
35,1,10806,2010
32,1,10809,2010
46,1,10810,2010
24,1,10810,2010
43,0,10811,2010
46,1,10811,2010
34,1,10811,2010
39,1,10811,2010
30,1,10812,2010
25,1,10813,2010
48,1,10813,2010
33,1,10813,2010
29,1,10814,2010
45,1,10815,2010
28,1,10815,2010
34,1,10815,2010
25,1,10815,2010
36,1,10815,2010
48,1,10817,2010
54,1,10818,2010
51,1,10820,2010
26,1,10820,2010
24,1,10820,2010
40,1,10821,2010
46,1,10822,2010
43,1,10822,2010
25,1,10822,2010
37,1,10823,2010
27,1,10823,2010
25,1,10823,2010
39,1,10823,2010
53,1,10824,2010
35,1,10824,2010
29,1,10824,2010
29,1,10824,2010
45,1,10824,2010
36,1,10824,2010
47,1,10825,2010
36,1,10825,2010
59,1,10826,2010
36,1,10826,2010
22,1,10828,2010
26,0,10831,2010
27,1,10832,2010
24,1,10832,2010
24,1,10832,2010
24,1,10832,2010
36,1,10833,2010
22,1,10833,2010
31,1,10833,2010
34,1,10836,2010
60,1,10838,2010
30,1,10838,2010
32,1,10838,2010
37,1,10838,2010
51,1,10839,2010
26,1,10839,2010
50,1,10839,2010
47,1,10839,2010
38,1,10840,2010
42,1,10840,2010
25,1,10841,2010
26,0,10841,2010
30,1,10842,2010
41,1,10842,2010
26,1,10843,2010
37,1,10844,2010
28,1,10845,2010
28,1,10846,2010
36,1,10846,2010
29,1,10846,2010
21,1,10847,2010
43,1,10848,2010
45,1,10849,2010
23,1,10849,2010
36,1,10850,2010
28,0,10851,2010
44,1,10852,2010
38,1,10854,2010
40,1,10858,2010
36,1,10859,2010
28,1,10860,2010
38,1,10861,2010
22,1,10862,2010
32,1,10862,2010
50,1,10862,2010
44,1,10863,2010
33,1,10863,2010
24,1,10864,2010
37,1,10864,2010
41,1,10865,2010
37,1,10865,2010
36,1,10866,2010
30,0,10866,2010
26,1,10866,2010
32,1,10866,2010
38,1,10867,2010
42,1,10868,2010
48,1,10869,2010
23,1,10870,2010
21,1,10870,2010
25,1,10870,2010
49,1,10870,2010
20,1,10872,2010
22,1,10872,2010
38,1,10873,2010
37,1,10873,2010
43,1,10874,2010
31,1,10874,2010
33,1,10875,2010
38,1,10875,2010
32,0,10876,2010
38,1,10876,2010
27,1,10876,2010
36,0,10877,2010
38,1,10877,2010
26,1,10877,2010
28,0,10878,2010
34,1,10878,2010
53,1,10879,2010
28,1,10880,2010
25,1,10880,2010
24,1,10880,2010
31,1,10881,2010
31,1,10881,2010
29,1,10882,2010
28,1,10884,2010
41,1,10885,2010
46,1,10886,2010
35,1,10886,2010
28,1,10887,2010
35,1,10887,2010
24,1,10887,2010
31,0,10887,2010
19,1,10888,2010
32,1,10890,2010
34,1,10890,2010
37,1,10890,2010
19,1,10891,2010
34,1,10892,2010
42,1,10892,2010
27,0,10892,2010
41,1,10892,2010
46,1,10893,2010
47,1,10893,2010
44,1,10896,2010
26,1,10897,2010
35,1,10897,2010
30,1,10898,2010
36,0,10898,2010
32,1,10898,2010
31,1,10900,2010
25,1,10901,2010
52,1,10903,2010
36,0,10903,2010
35,1,10904,2010
35,1,10904,2010
26,0,10904,2010
31,1,10905,2010
28,1,10905,2010
57,1,10906,2010
41,1,10906,2010
23,1,10908,2010
42,1,10909,2010
23,1,10910,2010
38,1,10911,2010
41,1,10911,2010
53,1,10912,2010
43,1,10912,2010
24,0,10913,2010
37,1,10914,2010
45,1,10914,2010
34,1,10915,2010
37,1,10915,2010
32,1,10916,2010
31,1,10917,2010
38,1,10918,2010
43,1,10919,2010
45,1,10920,2010
52,1,10920,2010
36,1,10920,2010
48,1,10922,2010
35,1,10922,2010
31,1,10924,2010
47,1,10924,2010
54,1,10925,2010
35,1,10927,2010
30,0,10927,2010
33,1,10927,2010
39,1,10928,2010
34,1,10928,2010
53,1,10929,2010
26,1,10930,2010
26,1,10930,2010
23,1,10930,2010
34,1,10932,2010
19,1,10932,2010
44,1,10933,2010
39,1,10933,2010
39,1,10933,2010
36,1,10933,2010
46,1,10934,2010
44,1,10935,2010
37,1,10935,2010
46,1,10937,2010
31,1,10938,2010
28,1,10938,2010
24,0,10939,2010
39,1,10940,2010
30,1,10940,2010
57,1,10942,2010
41,1,10944,2010
33,1,10944,2010
27,1,10944,2010
33,1,10946,2010
23,1,10947,2010
39,1,10947,2010
23,0,10948,2010
28,1,10949,2010
37,1,10949,2010
20,0,10949,2010
40,0,10950,2010
31,1,10951,2010
30,1,10951,2010
33,1,10952,2010
30,1,10952,2010
39,1,10952,2010
27,1,10953,2010
40,1,10953,2010
34,1,10954,2010
40,1,10954,2010
43,1,10956,2010
21,1,10956,2010
38,1,10957,2010
35,1,10957,2010
27,0,10957,2010
37,1,10957,2010
26,1,10957,2010
42,1,10957,2010
25,1,10958,2010
40,1,10959,2010
34,1,10960,2010
44,1,10961,2010
31,1,10961,2010
40,1,10962,2010
22,1,10962,2010
41,1,10962,2010
51,1,10962,2010
42,1,10963,2010
42,1,10964,2010
34,1,10964,2010
35,1,10964,2010
40,0,10965,2010
40,1,10965,2010
37,1,10966,2010
42,1,10966,2010
27,1,10969,2010
29,1,10969,2010
27,1,10971,2010
29,1,10971,2010
44,1,10972,2010
24,1,10972,2010
28,1,10973,2010
40,1,10973,2010
45,1,10974,2010
51,1,10975,2010
29,1,10975,2010
23,1,10975,2010
42,1,10975,2010
31,0,10976,2010
39,1,10976,2010
48,1,10976,2010
27,1,10978,2010
45,1,10979,2010
42,1,10979,2010
31,1,10980,2010
24,1,10982,2010
19,1,10982,2010
25,0,10982,2010
25,0,10982,2010
33,0,10983,2010
28,1,10984,2010
41,1,10984,2010
51,1,10985,2010
31,1,10986,2010
23,0,10986,2010
46,1,10988,2010
24,1,10988,2010
52,1,10989,2010
34,1,10989,2010
31,1,10989,2010
31,1,10989,2010
28,1,10989,2010
45,0,10991,2010
42,1,10992,2010
51,1,10993,2010
25,0,10993,2010
34,1,10994,2010
37,1,10994,2010
31,1,10995,2010
49,1,10995,2010
31,1,10995,2010
40,1,10995,2010
24,1,10996,2010
21,1,10997,2010
32,1,10997,2010
25,0,10997,2010
48,1,10998,2010
24,1,10998,2010
32,0,10999,2010
44,1,11000,2010
42,1,11002,2010
32,1,11003,2010
37,1,11003,2010
29,1,11003,2010
52,1,11004,2010
29,1,11004,2010
24,0,11004,2010
48,1,11004,2010
45,1,11005,2010
37,1,11005,2010
25,1,11006,2010
44,1,11006,2010
31,1,11006,2010
27,1,11008,2010
48,1,11009,2010
25,1,11009,2010
42,1,11009,2010
46,1,11010,2010
27,1,11010,2010
40,1,11011,2010
32,1,11012,2010
25,1,11012,2010
23,1,11012,2010
40,1,11013,2010
45,1,11013,2010
33,1,11013,2010
41,1,11013,2010
29,1,11014,2010
46,1,11014,2010
28,1,11015,2010
50,1,11017,2010
30,1,11017,2010
28,1,11018,2010
39,1,11019,2010
32,1,11019,2010
42,1,11019,2010
29,1,11020,2010
32,1,11021,2010
40,1,11022,2010
20,1,11022,2010
34,1,11023,2010
30,1,11024,2010
52,1,11025,2010
27,1,11025,2010
30,1,11025,2010
31,1,11026,2010
29,1,11026,2010
46,1,11026,2010
34,1,11027,2010
45,1,11027,2010
29,1,11028,2010
35,1,11028,2010
31,1,11030,2010
52,0,11030,2010
25,1,11031,2010
46,1,11032,2010
35,1,11032,2010
40,1,11032,2010
26,0,11033,2010
44,1,11033,2010
25,1,11034,2010
37,1,11034,2010
37,0,11035,2010
47,1,11036,2010
22,1,11036,2010
24,1,11037,2010
50,1,11037,2010
49,1,11038,2010
44,1,11038,2010
45,1,11038,2010
26,1,11039,2010
26,1,11040,2010
20,1,11040,2010
50,1,11040,2010
39,1,11040,2010
40,1,11042,2010
38,0,11042,2010
50,1,11043,2010
29,1,11043,2010
35,1,11043,2010
31,1,11044,2010
42,1,11045,2010
44,1,11045,2010
25,1,11045,2010
27,0,11046,2010
23,1,11047,2010
41,1,11047,2010
34,1,11047,2010
35,1,11049,2010
31,1,11050,2010
29,1,11050,2010
50,1,11050,2010
37,1,11051,2010
30,1,11052,2010
47,1,11052,2010
46,1,11052,2010
32,1,11052,2010
46,1,11054,2010
40,1,11054,2010
33,1,11054,2010
29,0,11055,2010
25,1,11055,2010
47,1,11056,2010
31,1,11057,2010
53,1,11058,2010
30,1,11059,2010
43,1,11060,2010
27,1,11061,2010
40,1,11062,2010
44,1,11062,2010
30,1,11065,2010
58,1,11065,2010
39,1,11065,2010
35,1,11065,2010
40,1,11065,2010
25,1,11066,2010
40,1,11067,2010
47,1,11067,2010
29,1,11067,2010
54,1,11068,2010
41,1,11069,2010
36,1,11069,2010
48,1,11069,2010
38,1,11069,2010
47,1,11069,2010
30,1,11070,2010
30,1,11071,2010
50,1,11072,2010
47,1,11072,2010
27,1,11073,2010
35,1,11073,2010
41,1,11073,2010
39,1,11073,2010
28,1,11074,2010
41,1,11074,2010
24,1,11074,2010
25,1,11075,2010
43,0,11076,2010
39,1,11076,2010
29,0,11076,2010
39,1,11076,2010
24,1,11077,2010
30,1,11078,2010
27,1,11079,2010
47,1,11079,2010
51,1,11080,2010
29,1,11080,2010
35,1,11080,2010
35,1,11082,2010
46,1,11082,2010
52,1,11082,2010
26,1,11082,2010
49,1,11082,2010
50,1,11083,2010
50,1,11083,2010
28,1,11084,2010
46,1,11084,2010
49,1,11085,2010
31,1,11085,2010
25,1,11085,2010
43,1,11087,2010
42,1,11087,2010
34,0,11088,2010
24,1,11088,2010
40,1,11088,2010
38,1,11088,2010
39,1,11089,2010
26,1,11089,2010
34,1,11090,2010
32,1,11090,2010
39,1,11091,2010
25,0,11091,2010
28,1,11092,2010
33,1,11092,2010
35,1,11092,2010
36,1,11092,2010
44,1,11092,2010
43,1,11093,2010
31,0,11094,2010
34,1,11094,2010
39,1,11095,2010
45,1,11095,2010
53,1,11096,2010
35,1,11096,2010
31,1,11096,2010
35,1,11096,2010
47,1,11097,2010
46,1,11097,2010
42,0,11097,2010
37,1,11098,2010
46,1,11098,2010
40,1,11099,2010
40,1,11100,2010
23,1,11100,2010
50,1,11101,2010
26,1,11101,2010
22,1,11101,2010
25,1,11102,2010
46,1,11102,2010
24,1,11102,2010
30,1,11103,2010
23,1,11103,2010
47,1,11103,2010
29,1,11105,2010
48,1,11106,2010
41,1,11106,2010
45,1,11107,2010
24,1,11107,2010
27,1,11107,2010
26,1,11107,2010
42,1,11108,2010
26,1,11108,2010
26,1,11109,2010
41,1,11109,2010
31,1,11110,2010
25,0,11110,2010
25,1,11111,2010
27,1,11111,2010
35,1,11112,2010
52,1,11112,2010
25,0,11113,2010
46,1,11113,2010
42,1,11114,2010
31,1,11114,2010
41,0,11115,2010
29,1,11115,2010
43,1,11115,2010
44,1,11116,2010
31,1,11117,2010
29,1,11117,2010
43,1,11117,2010
34,1,11117,2010
22,0,11117,2010
30,1,11118,2010
44,1,11119,2010
29,1,11119,2010
35,1,11120,2010
42,0,11120,2010
30,0,11121,2010
41,1,11122,2010
29,1,11123,2010
38,1,11123,2010
47,1,11124,2010
35,1,11124,2010
31,0,11124,2010
34,1,11125,2010
22,1,11125,2010
40,1,11126,2010
60,1,11126,2010
30,1,11126,2010
50,1,11128,2010
48,1,11129,2010
46,1,11129,2010
43,1,11130,2010
27,0,11131,2010
39,1,11131,2010
52,1,11131,2010
47,1,11131,2010
28,1,11133,2010
30,1,11136,2010
34,0,11136,2010
35,1,11136,2010
53,1,11137,2010
27,1,11137,2010
51,1,11138,2010
51,1,11138,2010
53,1,11139,2010
26,1,11139,2010
25,1,11139,2010
33,1,11139,2010
52,1,11139,2010
44,1,11139,2010
34,1,11140,2010
24,1,11140,2010
38,1,11140,2010
36,1,11141,2010
36,1,11141,2010
35,1,11142,2010
52,1,11143,2010
50,0,11143,2010
45,1,11143,2010
39,1,11143,2010
54,1,11143,2010
48,1,11143,2010
40,1,11143,2010
29,1,11143,2010
51,1,11144,2010
38,1,11144,2010
42,1,11144,2010
55,1,11145,2010
36,1,11145,2010
42,1,11145,2010
39,1,11146,2010
35,1,11146,2010
41,1,11146,2010
36,1,11147,2010
45,1,11147,2010
39,1,11147,2010
29,1,11147,2010
27,1,11147,2010
45,1,11147,2010
32,1,11148,2010
39,1,11148,2010
42,1,11148,2010
23,1,11148,2010
42,1,11148,2010
41,1,11149,2010
30,1,11150,2010
25,1,11151,2010
41,1,11152,2010
37,0,11152,2010
43,1,11152,2010
29,1,11153,2010
53,1,11153,2010
24,1,11153,2010
35,0,11153,2010
44,1,11154,2010
29,1,11154,2010
27,1,11154,2010
33,1,11155,2010
34,1,11155,2010
41,1,11155,2010
25,0,11156,2010
49,1,11156,2010
44,1,11157,2010
30,1,11157,2010
36,1,11157,2010
29,1,11157,2010
33,1,11157,2010
37,1,11157,2010
30,0,11157,2010
42,1,11158,2010
35,1,11158,2010
34,1,11158,2010
52,1,11159,2010
31,1,11160,2010
27,1,11160,2010
20,1,11160,2010
31,1,11161,2010
24,1,11161,2010
34,1,11161,2010
23,1,11162,2010
38,1,11162,2010
30,1,11162,2010
27,1,11162,2010
25,1,11162,2010
39,1,11162,2010
45,1,11162,2010
40,1,11162,2010
40,1,11163,2010
40,1,11163,2010
37,1,11163,2010
24,0,11163,2010
40,1,11164,2010
26,1,11164,2010
24,0,11165,2010
35,1,11166,2010
27,1,11167,2010
36,1,11168,2010
36,1,11168,2010
41,1,11170,2010
35,1,11170,2010
40,1,11170,2010
40,1,11171,2010
35,1,11172,2010
51,1,11172,2010
38,1,11172,2010
36,1,11173,2010
39,0,11173,2010
25,0,11174,2010
40,1,11174,2010
30,0,11175,2010
38,1,11175,2010
27,1,11176,2010
41,1,11176,2010
25,1,11176,2010
43,1,11177,2010
34,1,11177,2010
30,1,11178,2010
43,0,11178,2010
23,1,11178,2010
23,1,11179,2010
32,1,11179,2010
41,1,11179,2010
37,1,11179,2010
30,1,11180,2010
49,1,11180,2010
42,1,11181,2010
38,1,11181,2010
38,0,11182,2010
35,1,11182,2010
44,1,11182,2010
24,0,11183,2010
39,1,11184,2010
54,1,11186,2010
32,1,11186,2010
39,1,11186,2010
45,1,11186,2010
34,1,11186,2010
30,1,11187,2010
38,1,11187,2010
33,1,11187,2010
32,1,11187,2010
40,1,11187,2010
30,1,11187,2010
37,1,11188,2010
38,1,11189,2010
32,1,11190,2010
42,1,11191,2010
21,1,11191,2010
51,1,11191,2010
52,1,11191,2010
20,1,11192,2010
23,1,11193,2010
25,1,11193,2010
40,1,11193,2010
34,1,11194,2010
35,0,11194,2010
43,1,11194,2010
34,1,11195,2010
47,1,11195,2010
33,1,11195,2010
37,1,11195,2010
22,1,11196,2010
33,1,11196,2010
22,1,11196,2010
34,1,11196,2010
30,1,11196,2010
40,1,11197,2010
30,1,11197,2010
33,1,11197,2010
52,1,11198,2010
51,1,11199,2010
44,1,11200,2010
28,0,11200,2010
39,1,11202,2010
43,1,11202,2010
25,0,11202,2010
44,1,11203,2010
43,1,11203,2010
36,1,11203,2010
45,1,11203,2010
31,1,11204,2010
33,1,11204,2010
30,1,11204,2010
40,1,11204,2010
35,1,11205,2010
48,1,11205,2010
32,1,11205,2010
31,1,11205,2010
35,0,11205,2010
40,1,11205,2010
35,1,11206,2010
30,0,11206,2010
47,1,11207,2010
39,1,11208,2010
39,1,11208,2010
29,1,11208,2010
39,1,11208,2010
44,1,11209,2010
30,1,11209,2010
26,1,11209,2010
36,1,11209,2010
41,1,11209,2010
35,1,11209,2010
48,1,11210,2010
38,1,11210,2010
47,1,11210,2010
38,1,11210,2010
39,1,11211,2010
42,1,11211,2010
42,1,11211,2010
23,0,11211,2010
34,1,11212,2010
34,1,11212,2010
50,1,11212,2010
51,1,11212,2010
39,1,11213,2010
47,1,11213,2010
28,1,11214,2010
35,1,11215,2010
32,1,11215,2010
42,1,11216,2010
43,1,11216,2010
37,1,11216,2010
33,0,11216,2010
43,1,11217,2010
31,1,11217,2010
43,1,11219,2010
53,1,11219,2010
40,1,11220,2010
40,1,11221,2010
25,1,11221,2010
34,1,11222,2010
54,1,11222,2010
41,1,11223,2010
30,0,11223,2010
35,1,11224,2010
56,1,11225,2010
35,1,11225,2010
43,1,11226,2010
46,1,11227,2010
34,1,11227,2010
36,1,11227,2010
45,1,11227,2010
21,0,11227,2010
40,1,11228,2010
37,1,11228,2010
31,0,11229,2010
44,1,11229,2010
30,1,11231,2010
29,1,11231,2010
24,0,11231,2010
28,1,11232,2010
18,0,11233,2010
41,1,11233,2010
37,1,11233,2010
35,1,11234,2010
32,0,11234,2010
42,1,11234,2010
32,1,11235,2010
24,0,11235,2010
32,1,11236,2010
26,1,11236,2010
46,1,11236,2010
25,0,11236,2010
49,1,11236,2010
34,0,11237,2010
44,1,11237,2010
28,1,11238,2010
49,1,11238,2010
52,1,11238,2010
29,1,11240,2010
53,1,11241,2010
37,1,11241,2010
28,1,11242,2010
36,1,11242,2010
43,1,11242,2010
27,1,11242,2010
39,1,11242,2010
39,1,11242,2010
44,1,11243,2010
37,1,11243,2010
24,1,11243,2010
41,1,11243,2010
41,1,11243,2010
37,1,11244,2010
36,1,11244,2010
30,1,11244,2010
35,0,11244,2010
32,0,11245,2010
38,1,11246,2010
37,1,11246,2010
43,1,11247,2010
26,1,11247,2010
37,1,11247,2010
27,1,11248,2010
31,1,11249,2010
56,1,11249,2010
34,1,11249,2010
45,1,11249,2010
42,1,11249,2010
48,1,11250,2010
25,1,11250,2010
38,1,11250,2010
32,1,11251,2010
26,1,11251,2010
42,1,11252,2010
42,1,11252,2010
53,1,11253,2010
25,0,11254,2010
30,1,11254,2010
36,1,11254,2010
30,0,11254,2010
28,1,11254,2010
42,1,11255,2010
28,1,11255,2010
36,1,11256,2010
47,1,11256,2010
39,1,11257,2010
27,1,11258,2010
28,1,11258,2010
52,1,11258,2010
31,1,11259,2010
41,1,11259,2010
34,1,11260,2010
40,1,11260,2010
56,1,11261,2010
44,1,11261,2010
28,1,11262,2010
28,1,11262,2010
40,1,11262,2010
43,1,11263,2010
44,1,11263,2010
29,1,11263,2010
36,1,11263,2010
30,1,11264,2010
39,1,11264,2010
42,1,11264,2010
51,1,11265,2010
41,1,11265,2010
61,1,11265,2010
32,1,11266,2010
50,1,11267,2010
30,1,11267,2010
27,0,11267,2010
48,1,11268,2010
39,1,11269,2010
30,1,11269,2010
30,1,11270,2010
35,1,11270,2010
21,1,11271,2010
39,0,11271,2010
21,1,11272,2010
38,1,11272,2010
45,1,11274,2010
27,1,11274,2010
30,0,11274,2010
36,1,11274,2010
50,1,11274,2010
35,0,11275,2010
45,1,11275,2010
48,1,11275,2010
44,1,11275,2010
46,1,11275,2010
39,1,11275,2010
31,1,11276,2010
41,1,11276,2010
19,1,11276,2010
39,1,11276,2010
29,1,11277,2010
27,1,11277,2010
43,1,11277,2010
39,1,11278,2010
32,1,11278,2010
51,1,11278,2010
31,1,11278,2010
26,1,11279,2010
47,1,11279,2010
42,1,11280,2010
44,1,11280,2010
31,1,11280,2010
29,1,11280,2010
27,1,11280,2010
26,1,11281,2010
38,1,11281,2010
24,1,11282,2010
33,1,11282,2010
38,1,11282,2010
41,1,11284,2010
30,1,11284,2010
28,1,11284,2010
53,1,11285,2010
34,1,11285,2010
58,1,11285,2010
37,1,11285,2010
47,1,11285,2010
32,1,11286,2010
49,1,11286,2010
41,1,11287,2010
53,1,11289,2010
26,1,11289,2010
32,1,11290,2010
27,1,11290,2010
43,1,11290,2010
26,1,11290,2010
42,1,11290,2010
43,1,11290,2010
24,1,11291,2010
46,0,11291,2010
55,1,11292,2010
39,1,11292,2010
41,1,11292,2010
19,1,11292,2010
31,1,11292,2010
24,1,11293,2010
47,1,11293,2010
32,1,11293,2010
38,1,11293,2010
30,1,11294,2010
23,1,11295,2010
42,1,11295,2010
53,1,11295,2010
48,1,11295,2010
44,1,11295,2010
33,1,11295,2010
48,1,11296,2010
42,1,11296,2010
52,1,11297,2010
46,1,11297,2010
22,1,11298,2010
32,1,11298,2010
32,1,11298,2010
38,1,11298,2010
30,0,11298,2010
33,1,11299,2010
19,1,11299,2010
41,1,11299,2010
46,0,11299,2010
35,1,11300,2010
26,1,11300,2010
49,1,11300,2010
39,1,11300,2010
46,1,11300,2010
29,1,11301,2010
32,1,11301,2010
29,1,11301,2010
47,1,11302,2010
52,1,11302,2010
28,0,11302,2010
46,1,11303,2010
26,1,11303,2010
44,1,11304,2010
30,0,11305,2010
33,1,11305,2010
47,0,11305,2010
50,1,11307,2010
48,1,11307,2010
34,1,11308,2010
27,1,11308,2010
41,1,11308,2010
44,1,11308,2010
36,1,11309,2010
34,0,11309,2010
46,1,11310,2010
42,1,11310,2010
42,1,11310,2010
46,1,11310,2010
27,1,11311,2010
45,1,11311,2010
26,0,11311,2010
29,1,11312,2010
44,1,11314,2010
24,1,11314,2010
22,1,11314,2010
33,1,11315,2010
43,1,11315,2010
41,1,11315,2010
40,1,11315,2010
37,0,11315,2010
29,0,11316,2010
48,1,11316,2010
30,1,11317,2010
39,1,11317,2010
48,1,11317,2010
22,0,11317,2010
47,1,11318,2010
35,1,11318,2010
39,1,11318,2010
46,0,11318,2010
23,1,11318,2010
26,1,11319,2010
20,1,11319,2010
40,1,11320,2010
29,0,11320,2010
40,1,11320,2010
35,1,11320,2010
47,1,11320,2010
41,1,11321,2010
46,1,11321,2010
29,1,11321,2010
35,1,11322,2010
39,1,11323,2010
43,1,11323,2010
30,0,11323,2010
42,1,11323,2010
35,1,11323,2010
32,1,11324,2010
33,1,11324,2010
30,1,11324,2010
42,1,11324,2010
43,1,11325,2010
37,1,11325,2010
49,1,11326,2010
32,1,11327,2010
40,1,11327,2010
36,1,11327,2010
36,1,11327,2010
21,1,11328,2010
39,1,11328,2010
39,0,11328,2010
47,1,11329,2010
34,1,11329,2010
25,0,11329,2010
33,0,11329,2010
41,1,11330,2010
36,1,11331,2010
29,0,11331,2010
43,1,11331,2010
23,0,11331,2010
35,1,11331,2010
42,1,11331,2010
26,1,11333,2010
24,1,11334,2010
28,1,11334,2010
32,0,11334,2010
40,1,11334,2010
47,1,11334,2010
37,1,11335,2010
47,1,11336,2010
32,1,11336,2010
27,1,11336,2010
43,0,11336,2010
32,1,11337,2010
47,1,11337,2010
35,1,11337,2010
37,1,11338,2010
27,1,11339,2010
30,1,11339,2010
28,1,11339,2010
27,1,11339,2010
43,1,11339,2010
33,0,11339,2010
43,1,11340,2010
36,1,11340,2010
43,1,11340,2010
24,1,11341,2010
42,1,11341,2010
29,0,11341,2010
31,1,11342,2010
41,1,11342,2010
40,1,11344,2010
31,1,11344,2010
42,0,11345,2010
29,1,11345,2010
28,1,11345,2010
35,1,11346,2010
40,1,11346,2010
41,1,11346,2010
22,1,11347,2010
45,1,11347,2010
53,1,11349,2010
33,1,11350,2010
42,1,11350,2010
41,1,11350,2010
39,1,11351,2010
42,1,11351,2010
53,1,11351,2010
41,1,11352,2010
40,1,11352,2010
35,1,11352,2010
51,1,11353,2010
41,1,11353,2010
27,1,11353,2010
34,1,11353,2010
35,1,11353,2010
30,1,11354,2010
55,1,11354,2010
41,1,11354,2010
37,1,11354,2010
31,1,11355,2010
37,1,11355,2010
34,1,11355,2010
38,1,11355,2010
53,1,11355,2010
58,1,11355,2010
20,1,11356,2010
39,1,11356,2010
39,1,11356,2010
27,1,11357,2010
53,1,11357,2010
46,1,11359,2010
33,1,11360,2010
27,0,11360,2010
42,1,11360,2010
37,1,11361,2010
48,1,11362,2010
47,1,11362,2010
44,1,11362,2010
38,1,11363,2010
40,1,11363,2010
41,1,11363,2010
35,1,11364,2010
57,1,11364,2010
37,0,11364,2010
28,0,11364,2010
29,1,11365,2010
27,1,11365,2010
55,1,11366,2010
27,1,11366,2010
35,1,11366,2010
49,1,11366,2010
52,1,11366,2010
25,0,11366,2010
33,1,11367,2010
41,1,11367,2010
36,1,11367,2010
33,0,11367,2010
32,1,11367,2010
38,1,11368,2010
44,1,11369,2010
33,0,11369,2010
33,1,11370,2010
30,1,11370,2010
41,1,11370,2010
34,1,11370,2010
30,1,11371,2010
37,1,11371,2010
42,1,11371,2010
30,1,11371,2010
37,0,11371,2010
55,1,11371,2010
47,1,11372,2010
32,1,11372,2010
32,1,11372,2010
44,0,11373,2010
47,1,11373,2010
42,1,11373,2010
22,1,11374,2010
54,1,11374,2010
41,1,11374,2010
40,0,11374,2010
39,1,11375,2010
30,1,11376,2010
50,1,11376,2010
27,1,11376,2010
46,1,11378,2010
47,1,11378,2010
31,1,11378,2010
48,1,11378,2010
31,1,11379,2010
35,1,11379,2010
42,1,11379,2010
28,1,11380,2010
43,1,11380,2010
37,1,11381,2010
43,1,11381,2010
40,0,11381,2010
37,1,11381,2010
44,1,11382,2010
50,1,11383,2010
41,1,11384,2010
30,1,11384,2010
44,1,11384,2010
38,1,11384,2010
29,1,11385,2010
39,1,11385,2010
43,0,11385,2010
39,1,11385,2010
45,1,11386,2010
41,1,11386,2010
29,1,11386,2010
38,1,11386,2010
42,1,11386,2010
40,1,11386,2010
38,1,11386,2010
26,0,11388,2010
23,0,11388,2010
50,1,11388,2010
33,1,11388,2010
49,1,11389,2010
26,0,11389,2010
42,1,11389,2010
31,1,11390,2010
26,0,11390,2010
27,0,11390,2010
44,1,11392,2010
40,1,11392,2010
40,1,11392,2010
35,1,11392,2010
47,1,11392,2010
33,0,11392,2010
38,1,11393,2010
42,1,11393,2010
44,1,11393,2010
35,1,11394,2010
35,1,11394,2010
55,1,11395,2010
48,1,11395,2010
48,1,11396,2010
34,1,11396,2010
35,1,11396,2010
44,1,11396,2010
36,1,11396,2010
20,1,11397,2010
43,1,11397,2010
39,1,11398,2010
47,1,11398,2010
32,1,11398,2010
40,1,11399,2010
45,1,11399,2010
35,1,11399,2010
29,1,11399,2010
39,1,11400,2010
31,1,11400,2010
39,1,11400,2010
51,0,11401,2010
44,1,11401,2010
30,1,11402,2010
39,1,11402,2010
35,1,11403,2010
42,1,11403,2010
37,1,11403,2010
34,1,11403,2010
51,0,11404,2010
41,1,11404,2010
34,1,11405,2010
37,1,11405,2010
49,1,11405,2010
29,0,11406,2010
34,1,11406,2010
35,1,11406,2010
33,0,11406,2010
37,1,11408,2010
53,1,11408,2010
46,1,11408,2010
28,0,11408,2010
34,1,11409,2010
32,1,11409,2010
33,1,11409,2010
41,1,11409,2010
42,1,11410,2010
36,1,11410,2010
19,1,11410,2010
40,1,11410,2010
57,1,11411,2010
38,1,11411,2010
39,1,11412,2010
47,1,11415,2010
56,1,11415,2010
36,1,11415,2010
37,1,11415,2010
37,1,11416,2010
28,1,11418,2010
52,1,11418,2010
43,1,11419,2010
38,1,11419,2010
37,1,11420,2010
51,1,11420,2010
37,1,11420,2010
45,1,11420,2010
51,1,11420,2010
44,1,11422,2010
26,1,11422,2010
24,0,11422,2010
36,1,11423,2010
34,0,11425,2010
30,1,11425,2010
28,1,11426,2010
37,1,11426,2010
30,1,11427,2010
32,1,11427,2010
45,1,11427,2010
42,1,11427,2010
23,1,11428,2010
53,1,11428,2010
27,1,11429,2010
42,1,11429,2010
21,1,11430,2010
40,1,11430,2010
51,1,11430,2010
38,1,11431,2010
25,0,11432,2010
50,1,11432,2010
39,1,11432,2010
41,1,11432,2010
41,1,11433,2010
25,1,11434,2010
31,1,11434,2010
26,1,11434,2010
37,0,11435,2010
39,1,11436,2010
34,1,11436,2010
22,1,11437,2010
35,1,11437,2010
46,1,11437,2010
33,1,11438,2010
37,1,11438,2010
45,1,11438,2010
43,1,11438,2010
50,1,11439,2010
21,0,11439,2010
35,1,11440,2010
22,1,11441,2010
38,1,11441,2010
44,1,11441,2010
50,1,11442,2010
33,1,11443,2010
26,1,11443,2010
28,1,11444,2010
35,1,11444,2010
63,1,11445,2010
44,1,11445,2010
36,0,11445,2010
34,1,11445,2010
37,1,11445,2010
43,1,11446,2010
23,1,11446,2010
20,1,11446,2010
31,1,11447,2010
31,1,11447,2010
26,1,11447,2010
43,1,11447,2010
42,1,11447,2010
32,1,11449,2010
49,1,11449,2010
28,0,11449,2010
30,1,11450,2010
38,1,11450,2010
29,0,11451,2010
55,0,11451,2010
30,1,11451,2010
45,1,11452,2010
25,1,11452,2010
43,1,11452,2010
54,1,11452,2010
41,1,11452,2010
20,1,11452,2010
31,1,11453,2010
39,1,11453,2010
46,1,11453,2010
43,1,11454,2010
38,1,11454,2010
42,1,11454,2010
38,1,11454,2010
47,1,11455,2010
44,1,11455,2010
30,1,11455,2010
41,1,11455,2010
38,1,11456,2010
35,0,11456,2010
42,1,11457,2010
27,1,11457,2010
24,0,11457,2010
27,1,11457,2010
33,1,11457,2010
41,1,11457,2010
39,1,11457,2010
40,0,11457,2010
31,1,11458,2010
29,1,11458,2010
42,1,11458,2010
34,1,11458,2010
50,1,11459,2010
53,1,11459,2010
27,1,11459,2010
23,0,11459,2010
41,1,11459,2010
51,1,11459,2010
42,1,11459,2010
49,1,11460,2010
31,0,11460,2010
37,1,11461,2010
35,1,11461,2010
28,1,11461,2010
27,1,11462,2010
47,1,11463,2010
35,1,11463,2010
43,1,11463,2010
45,1,11464,2010
46,1,11464,2010
41,1,11465,2010
30,1,11466,2010
37,1,11466,2010
39,1,11466,2010
34,1,11467,2010
40,1,11467,2010
39,0,11467,2010
40,1,11467,2010
53,1,11468,2010
42,1,11468,2010
41,1,11468,2010
45,1,11469,2010
32,1,11469,2010
41,1,11470,2010
47,1,11470,2010
26,0,11470,2010
46,1,11471,2010
35,1,11472,2010
40,1,11472,2010
52,1,11473,2010
26,1,11473,2010
36,1,11473,2010
34,1,11473,2010
35,1,11474,2010
42,1,11474,2010
45,1,11474,2010
43,1,11475,2010
47,1,11475,2010
37,1,11475,2010
41,1,11475,2010
50,1,11476,2010
43,1,11476,2010
23,1,11477,2010
27,1,11477,2010
37,1,11477,2010
48,1,11477,2010
35,0,11477,2010
44,1,11477,2010
43,1,11478,2010
55,1,11478,2010
43,1,11478,2010
43,1,11479,2010
48,1,11480,2010
42,1,11480,2010
39,1,11481,2010
25,0,11481,2010
26,1,11482,2010
38,1,11482,2010
44,0,11482,2010
53,1,11482,2010
24,0,11482,2010
42,1,11482,2010
59,1,11483,2010
43,0,11483,2010
45,1,11484,2010
37,1,11484,2010
43,1,11485,2010
39,1,11485,2010
40,1,11485,2010
29,0,11485,2010
45,1,11486,2010
45,1,11487,2010
30,1,11487,2010
26,1,11488,2010
33,1,11488,2010
31,1,11488,2010
42,1,11488,2010
28,1,11489,2010
44,1,11489,2010
44,1,11489,2010
44,1,11489,2010
23,0,11489,2010
38,1,11490,2010
50,1,11490,2010
38,1,11491,2010
52,1,11492,2010
32,1,11492,2010
31,1,11492,2010
31,1,11493,2010
42,1,11494,2010
26,1,11495,2010
24,1,11495,2010
42,1,11495,2010
44,1,11495,2010
39,1,11495,2010
52,1,11495,2010
48,1,11496,2010
35,1,11496,2010
32,1,11497,2010
41,1,11497,2010
41,1,11497,2010
50,1,11497,2010
49,1,11497,2010
31,1,11498,2010
40,1,11498,2010
49,1,11499,2010
35,1,11500,2010
32,1,11500,2010
44,1,11501,2010
32,1,11501,2010
35,1,11501,2010
31,0,11501,2010
42,1,11501,2010
30,0,11501,2010
35,1,11502,2010
25,0,11502,2010
37,1,11502,2010
41,1,11503,2010
26,1,11503,2010
32,1,11503,2010
34,1,11504,2010
38,1,11504,2010
33,0,11504,2010
44,1,11504,2010
46,1,11505,2010
39,1,11505,2010
38,1,11505,2010
40,1,11505,2010
42,1,11506,2010
39,1,11507,2010
35,1,11507,2010
47,1,11508,2010
33,0,11508,2010
31,1,11509,2010
43,0,11510,2010
50,1,11510,2010
52,1,11510,2010
27,0,11510,2010
47,1,11511,2010
29,0,11512,2010
20,0,11513,2010
33,1,11514,2010
55,0,11514,2010
33,1,11514,2010
56,1,11514,2010
50,1,11514,2010
27,1,11515,2010
47,1,11515,2010
38,1,11516,2010
40,1,11516,2010
35,1,11517,2010
44,1,11517,2010
35,1,11517,2010
26,1,11518,2010
51,1,11518,2010
39,1,11518,2010
41,1,11519,2010
32,1,11519,2010
33,1,11519,2010
29,1,11519,2010
29,0,11519,2010
50,1,11520,2010
29,0,11520,2010
33,0,11520,2010
52,1,11521,2010
26,1,11521,2010
39,1,11521,2010
39,1,11521,2010
37,0,11521,2010
34,1,11522,2010
40,1,11522,2010
36,1,11524,2010
49,1,11525,2010
26,1,11526,2010
41,1,11526,2010
51,1,11526,2010
55,1,11526,2010
39,1,11527,2010
35,1,11527,2010
49,1,11528,2010
41,1,11528,2010
33,1,11529,2010
42,1,11529,2010
41,1,11530,2010
29,0,11530,2010
36,1,11531,2010
34,0,11532,2010
35,1,11532,2010
50,1,11532,2010
51,1,11532,2010
36,1,11532,2010
26,1,11533,2010
36,1,11533,2010
26,0,11533,2010
41,1,11534,2010
46,1,11534,2010
41,1,11534,2010
28,1,11535,2010
46,1,11535,2010
48,1,11535,2010
35,1,11535,2010
38,1,11536,2010
42,1,11536,2010
28,0,11537,2010
44,1,11537,2010
39,1,11539,2010
31,1,11540,2010
49,1,11541,2010
24,1,11542,2010
24,1,11542,2010
42,1,11542,2010
38,0,11542,2010
41,0,11542,2010
40,1,11543,2010
35,1,11543,2010
31,1,11543,2010
28,1,11543,2010
39,1,11543,2010
52,1,11545,2010
30,1,11545,2010
31,1,11545,2010
29,0,11546,2010
41,1,11546,2010
20,0,11546,2010
27,1,11547,2010
27,1,11548,2010
31,0,11548,2010
27,0,11548,2010
39,1,11549,2010
37,1,11549,2010
34,1,11549,2010
55,1,11549,2010
41,1,11549,2010
27,1,11550,2010
24,1,11550,2010
23,1,11550,2010
38,1,11550,2010
37,1,11550,2010
35,1,11550,2010
37,1,11550,2010
28,1,11551,2010
26,1,11552,2010
60,1,11552,2010
50,1,11552,2010
47,1,11552,2010
42,1,11552,2010
42,1,11553,2010
41,1,11554,2010
45,1,11555,2010
29,1,11555,2010
24,0,11556,2010
37,1,11557,2010
39,1,11557,2010
27,1,11558,2010
60,1,11558,2010
34,1,11559,2010
39,1,11559,2010
37,0,11559,2010
46,1,11559,2010
28,0,11559,2010
37,1,11560,2010
40,1,11560,2010
19,1,11560,2010
34,0,11560,2010
24,1,11561,2010
40,1,11561,2010
40,1,11562,2010
45,1,11562,2010
47,0,11562,2010
46,1,11562,2010
34,1,11563,2010
45,1,11563,2010
42,0,11564,2010
37,1,11564,2010
44,1,11564,2010
35,1,11564,2010
26,0,11565,2010
44,1,11566,2010
45,1,11566,2010
37,1,11566,2010
45,1,11566,2010
45,1,11566,2010
36,1,11567,2010
38,1,11567,2010
47,1,11567,2010
34,0,11568,2010
31,1,11568,2010
25,1,11568,2010
45,1,11568,2010
42,0,11568,2010
54,1,11568,2010
44,1,11569,2010
43,1,11569,2010
39,1,11569,2010
42,1,11570,2010
41,0,11570,2010
37,1,11570,2010
48,1,11571,2010
25,0,11571,2010
41,1,11572,2010
40,1,11572,2010
35,1,11573,2010
42,1,11573,2010
32,0,11573,2010
51,1,11574,2010
29,1,11574,2010
38,1,11574,2010
37,1,11574,2010
42,1,11574,2010
19,1,11575,2010
30,1,11575,2010
28,1,11575,2010
45,0,11576,2010
25,0,11576,2010
41,0,11576,2010
35,1,11576,2010
46,1,11576,2010
28,1,11577,2010
43,1,11577,2010
31,1,11578,2010
25,1,11578,2010
32,1,11578,2010
30,1,11578,2010
45,0,11578,2010
39,1,11579,2010
24,0,11579,2010
40,1,11579,2010
43,1,11579,2010
37,1,11580,2010
48,1,11580,2010
49,1,11581,2010
23,0,11581,2010
33,1,11581,2010
39,1,11581,2010
43,1,11582,2010
46,1,11582,2010
50,1,11582,2010
44,0,11582,2010
28,0,11582,2010
37,1,11583,2010
37,1,11583,2010
30,1,11583,2010
44,1,11583,2010
34,0,11583,2010
43,1,11584,2010
44,1,11585,2010
30,1,11585,2010
39,1,11585,2010
36,1,11585,2010
25,1,11586,2010
28,0,11586,2010
28,1,11586,2010
32,0,11586,2010
37,1,11587,2010
27,1,11587,2010
37,1,11587,2010
41,1,11587,2010
38,1,11587,2010
50,1,11588,2010
37,1,11588,2010
46,1,11589,2010
39,1,11589,2010
25,0,11589,2010
30,0,11590,2010
29,1,11590,2010
38,1,11590,2010
21,0,11590,2010
39,1,11590,2010
38,1,11590,2010
40,1,11590,2010
25,1,11591,2010
36,1,11592,2010
32,0,11592,2010
28,0,11593,2010
47,1,11593,2010
48,1,11593,2010
32,1,11594,2010
51,1,11594,2010
48,1,11595,2010
18,0,11595,2010
28,1,11596,2010
39,1,11596,2010
47,1,11596,2010
43,0,11597,2010
35,1,11597,2010
44,1,11597,2010
39,1,11597,2010
40,1,11597,2010
21,1,11600,2010
26,1,11600,2010
42,1,11600,2010
29,1,11602,2010
34,0,11602,2010
39,0,11602,2010
45,1,11602,2010
46,1,11602,2010
42,1,11603,2010
48,0,11604,2010
36,1,11604,2010
22,0,11604,2010
47,1,11604,2010
45,1,11605,2010
26,1,11605,2010
40,1,11606,2010
37,1,11606,2010
34,1,11607,2010
41,1,11607,2010
40,1,11608,2010
44,1,11608,2010
49,1,11608,2010
56,1,11609,2010
43,1,11609,2010
48,0,11609,2010
51,1,11610,2010
28,1,11610,2010
45,1,11610,2010
21,0,11610,2010
48,1,11611,2010
43,1,11611,2010
36,1,11612,2010
48,1,11612,2010
30,0,11612,2010
40,1,11612,2010
39,1,11612,2010
44,1,11612,2010
37,1,11612,2010
42,1,11612,2010
28,1,11613,2010
42,1,11613,2010
25,1,11614,2010
35,1,11614,2010
39,1,11614,2010
39,1,11614,2010
47,1,11614,2010
46,1,11615,2010
54,1,11615,2010
45,1,11615,2010
34,1,11616,2010
52,1,11616,2010
50,1,11617,2010
38,1,11617,2010
28,1,11617,2010
59,1,11618,2010
38,1,11618,2010
50,1,11618,2010
19,1,11619,2010
33,1,11619,2010
50,1,11619,2010
39,1,11619,2010
45,1,11619,2010
25,1,11619,2010
39,1,11620,2010
50,1,11620,2010
39,1,11620,2010
51,1,11621,2010
54,1,11621,2010
44,1,11621,2010
50,1,11622,2010
37,1,11623,2010
39,1,11623,2010
50,1,11623,2010
31,1,11624,2010
42,1,11624,2010
45,1,11624,2010
43,1,11624,2010
30,0,11624,2010
36,0,11625,2010
34,0,11625,2010
37,1,11626,2010
28,1,11626,2010
43,1,11627,2010
46,1,11627,2010
35,1,11628,2010
43,1,11628,2010
30,1,11629,2010
33,1,11629,2010
53,1,11629,2010
39,1,11629,2010
45,1,11629,2010
40,1,11629,2010
36,1,11629,2010
27,1,11630,2010
37,1,11630,2010
37,0,11630,2010
25,1,11631,2010
27,1,11631,2010
52,1,11631,2010
32,1,11632,2010
50,1,11632,2010
22,1,11632,2010
36,1,11632,2010
25,1,11633,2010
28,1,11633,2010
44,1,11633,2010
39,1,11633,2010
54,1,11634,2010
21,1,11634,2010
35,1,11634,2010
35,1,11635,2010
23,1,11635,2010
58,1,11635,2010
52,0,11635,2010
39,1,11635,2010
49,1,11635,2010
40,1,11635,2010
47,1,11635,2010
43,1,11635,2010
38,1,11635,2010
48,1,11636,2010
41,0,11636,2010
49,1,11636,2010
45,1,11636,2010
20,0,11636,2010
26,0,11636,2010
42,1,11637,2010
37,1,11637,2010
31,1,11637,2010
38,1,11638,2010
54,1,11638,2010
37,1,11638,2010
42,1,11638,2010
31,0,11638,2010
43,1,11639,2010
40,1,11639,2010
32,0,11640,2010
34,1,11640,2010
26,1,11641,2010
39,1,11641,2010
29,1,11641,2010
35,1,11641,2010
64,1,11641,2010
29,1,11642,2010
44,1,11642,2010
48,1,11642,2010
41,1,11642,2010
35,0,11643,2010
53,1,11643,2010
41,1,11644,2010
26,1,11644,2010
50,1,11644,2010
27,0,11644,2010
50,0,11645,2010
30,1,11645,2010
26,1,11645,2010
29,1,11646,2010
25,0,11646,2010
34,1,11647,2010
35,1,11648,2010
35,1,11648,2010
33,1,11649,2010
33,1,11649,2010
39,1,11649,2010
36,1,11649,2010
27,0,11649,2010
40,1,11650,2010
31,0,11650,2010
56,1,11651,2010
29,0,11651,2010
46,1,11651,2010
34,0,11651,2010
24,0,11652,2010
31,1,11653,2010
32,1,11654,2010
25,1,11654,2010
58,1,11655,2010
38,1,11655,2010
49,1,11655,2010
47,1,11655,2010
35,1,11655,2010
44,1,11656,2010
41,1,11656,2010
38,1,11656,2010
40,1,11657,2010
43,1,11657,2010
33,1,11658,2010
28,0,11658,2010
48,1,11658,2010
40,1,11658,2010
34,0,11659,2010
34,1,11659,2010
37,1,11659,2010
31,1,11660,2010
30,1,11660,2010
60,1,11660,2010
26,1,11660,2010
27,1,11661,2010
24,0,11662,2010
35,1,11662,2010
47,1,11662,2010
43,1,11662,2010
53,1,11662,2010
26,1,11663,2010
31,0,11663,2010
28,1,11664,2010
40,1,11664,2010
57,1,11664,2010
35,1,11665,2010
38,1,11665,2010
37,1,11665,2010
37,1,11665,2010
46,1,11666,2010
25,1,11666,2010
49,1,11666,2010
28,0,11666,2010
43,1,11666,2010
33,1,11666,2010
38,1,11667,2010
53,1,11667,2010
24,0,11667,2010
42,1,11667,2010
39,1,11668,2010
44,1,11668,2010
48,1,11668,2010
48,1,11669,2010
20,1,11669,2010
31,1,11669,2010
28,0,11669,2010
26,1,11670,2010
25,1,11670,2010
34,1,11670,2010
38,1,11670,2010
47,1,11670,2010
40,1,11671,2010
36,1,11671,2010
41,1,11671,2010
45,0,11671,2010
33,0,11671,2010
44,0,11671,2010
31,0,11671,2010
23,0,11672,2010
36,1,11672,2010
37,1,11672,2010
34,1,11672,2010
26,1,11673,2010
35,1,11673,2010
42,1,11673,2010
41,1,11673,2010
32,0,11673,2010
39,1,11673,2010
26,0,11673,2010
36,1,11673,2010
39,1,11674,2010
52,1,11674,2010
29,1,11674,2010
35,1,11674,2010
37,1,11674,2010
42,1,11674,2010
34,1,11675,2010
32,1,11676,2010
24,1,11676,2010
52,1,11676,2010
55,1,11676,2010
45,1,11676,2010
37,1,11677,2010
54,1,11677,2010
35,1,11677,2010
34,1,11677,2010
40,1,11678,2010
38,0,11678,2010
40,1,11678,2010
41,1,11678,2010
36,0,11678,2010
36,1,11679,2010
54,1,11679,2010
37,1,11679,2010
37,1,11679,2010
42,1,11679,2010
37,0,11680,2010
37,1,11680,2010
26,1,11680,2010
38,1,11680,2010
33,0,11680,2010
45,1,11681,2010
44,1,11681,2010
27,1,11681,2010
38,1,11681,2010
41,1,11681,2010
37,1,11681,2010
43,1,11682,2010
41,1,11682,2010
53,1,11682,2010
22,1,11683,2010
28,1,11683,2010
45,1,11683,2010
37,1,11683,2010
39,1,11683,2010
34,1,11684,2010
32,1,11684,2010
30,0,11684,2010
39,1,11685,2010
39,1,11685,2010
44,1,11686,2010
47,1,11686,2010
35,1,11687,2010
49,1,11688,2010
43,1,11688,2010
41,1,11688,2010
40,1,11689,2010
59,1,11689,2010
46,1,11689,2010
47,1,11689,2010
53,1,11689,2010
40,1,11690,2010
38,1,11690,2010
26,0,11690,2010
41,1,11690,2010
42,0,11690,2010
56,1,11691,2010
35,1,11691,2010
35,1,11691,2010
43,1,11692,2010
33,1,11692,2010
26,1,11692,2010
42,1,11693,2010
43,1,11693,2010
39,1,11693,2010
23,1,11694,2010
49,1,11694,2010
39,1,11694,2010
45,1,11694,2010
37,0,11694,2010
47,1,11695,2010
39,0,11695,2010
34,0,11695,2010
27,1,11696,2010
50,1,11696,2010
48,1,11697,2010
30,1,11697,2010
37,1,11697,2010
42,1,11697,2010
43,1,11697,2010
34,1,11698,2010
53,1,11698,2010
26,1,11698,2010
30,0,11698,2010
46,1,11698,2010
58,1,11699,2010
42,1,11699,2010
29,0,11699,2010
42,1,11700,2010
37,1,11700,2010
52,1,11700,2010
48,1,11701,2010
43,1,11702,2010
26,1,11702,2010
43,1,11702,2010
46,1,11703,2010
51,1,11703,2010
29,1,11704,2010
37,1,11705,2010
32,1,11705,2010
37,1,11705,2010
34,1,11705,2010
39,1,11705,2010
57,1,11705,2010
32,0,11705,2010
24,1,11706,2010
48,1,11706,2010
39,1,11706,2010
39,1,11706,2010
41,1,11706,2010
38,1,11707,2010
42,1,11708,2010
43,1,11708,2010
36,1,11708,2010
40,1,11709,2010
37,1,11709,2010
45,1,11709,2010
41,1,11710,2010
40,1,11710,2010
46,1,11710,2010
44,1,11711,2010
38,1,11711,2010
40,1,11711,2010
41,1,11711,2010
42,1,11711,2010
25,1,11712,2010
28,1,11712,2010
40,1,11712,2010
31,0,11712,2010
40,1,11712,2010
42,1,11712,2010
23,1,11712,2010
32,1,11713,2010
45,1,11713,2010
38,1,11713,2010
40,1,11714,2010
31,1,11714,2010
34,1,11714,2010
39,1,11714,2010
53,1,11714,2010
25,0,11714,2010
39,1,11714,2010
29,0,11714,2010
36,1,11715,2010
43,0,11715,2010
36,1,11715,2010
45,1,11715,2010
35,1,11717,2010
18,1,11717,2010
33,1,11717,2010
45,1,11717,2010
48,0,11717,2010
34,1,11718,2010
41,1,11718,2010
35,0,11718,2010
38,0,11718,2010
44,1,11719,2010
25,0,11719,2010
35,1,11719,2010
30,0,11720,2010
36,1,11720,2010
48,1,11720,2010
40,1,11721,2010
36,1,11721,2010
42,1,11722,2010
48,1,11722,2010
42,1,11723,2010
41,1,11723,2010
34,0,11723,2010
24,1,11724,2010
47,1,11724,2010
48,1,11724,2010
45,1,11724,2010
23,1,11724,2010
32,0,11724,2010
39,1,11724,2010
23,1,11725,2010
41,1,11725,2010
36,1,11725,2010
40,1,11726,2010
37,1,11726,2010
26,1,11727,2010
34,0,11727,2010
52,1,11727,2010
41,1,11727,2010
42,0,11727,2010
47,1,11728,2010
37,1,11729,2010
27,1,11730,2010
38,1,11730,2010
41,1,11730,2010
44,1,11731,2010
27,0,11731,2010
29,0,11731,2010
25,0,11731,2010
38,1,11732,2010
45,1,11732,2010
42,1,11732,2010
36,1,11732,2010
40,1,11732,2010
37,1,11732,2010
47,1,11732,2010
40,1,11732,2010
28,0,11733,2010
33,1,11733,2010
42,1,11733,2010
22,1,11733,2010
45,1,11734,2010
49,1,11734,2010
49,1,11735,2010
40,1,11735,2010
37,1,11735,2010
35,1,11735,2010
45,1,11735,2010
26,1,11735,2010
46,1,11736,2010
30,1,11736,2010
35,1,11736,2010
48,1,11736,2010
34,1,11736,2010
44,1,11736,2010
38,1,11736,2010
53,1,11736,2010
36,0,11737,2010
32,1,11738,2010
41,1,11738,2010
46,1,11738,2010
42,0,11738,2010
45,1,11739,2010
39,1,11739,2010
50,1,11739,2010
44,1,11739,2010
34,1,11740,2010
48,1,11741,2010
30,1,11741,2010
28,1,11741,2010
46,1,11741,2010
36,1,11741,2010
31,1,11742,2010
44,1,11742,2010
59,1,11742,2010
46,1,11743,2010
33,1,11743,2010
35,1,11743,2010
51,1,11743,2010
42,1,11743,2010
42,1,11743,2010
22,1,11744,2010
50,1,11744,2010
38,1,11744,2010
33,0,11744,2010
35,1,11745,2010
30,1,11745,2010
29,0,11745,2010
35,1,11747,2010
41,1,11747,2010
28,0,11747,2010
45,1,11748,2010
41,1,11748,2010
42,1,11748,2010
23,1,11749,2010
27,1,11749,2010
33,1,11749,2010
46,1,11749,2010
39,1,11749,2010
43,1,11749,2010
49,1,11749,2010
46,1,11751,2010
35,1,11752,2010
31,1,11753,2010
33,1,11753,2010
36,1,11753,2010
44,0,11753,2010
40,1,11753,2010
46,1,11753,2010
29,0,11754,2010
40,1,11754,2010
46,1,11754,2010
47,1,11754,2010
45,1,11754,2010
40,1,11754,2010
51,0,11754,2010
35,1,11755,2010
40,0,11755,2010
27,1,11755,2010
39,1,11755,2010
44,1,11755,2010
40,1,11755,2010
41,1,11755,2010
53,1,11756,2010
35,1,11756,2010
40,1,11756,2010
38,0,11756,2010
49,1,11757,2010
24,1,11758,2010
45,1,11758,2010
27,0,11759,2010
44,1,11759,2010
51,1,11759,2010
50,1,11760,2010
42,1,11760,2010
36,1,11761,2010
43,1,11761,2010
30,1,11762,2010
42,1,11762,2010
51,1,11762,2010
45,1,11763,2010
52,1,11763,2010
26,1,11763,2010
59,1,11763,2010
49,1,11763,2010
44,1,11763,2010
22,1,11763,2010
44,1,11764,2010
55,1,11764,2010
44,0,11764,2010
23,1,11765,2010
32,0,11765,2010
46,1,11765,2010
47,1,11765,2010
37,1,11766,2010
40,1,11766,2010
47,1,11766,2010
60,1,11766,2010
46,1,11766,2010
48,1,11767,2010
46,1,11767,2010
24,0,11767,2010
42,0,11768,2010
45,1,11768,2010
32,1,11769,2010
37,1,11770,2010
36,1,11770,2010
25,1,11770,2010
48,1,11770,2010
37,1,11770,2010
41,1,11770,2010
49,1,11771,2010
51,1,11771,2010
42,1,11771,2010
47,1,11771,2010
51,1,11772,2010
52,1,11772,2010
35,1,11772,2010
35,1,11773,2010
45,1,11773,2010
46,0,11774,2010
39,1,11775,2010
44,1,11775,2010
41,1,11775,2010
43,1,11776,2010
36,1,11776,2010
46,1,11777,2010
37,1,11777,2010
36,1,11777,2010
50,1,11777,2010
35,1,11778,2010
60,1,11778,2010
48,1,11778,2010
41,0,11778,2010
54,1,11778,2010
38,1,11779,2010
48,1,11779,2010
31,0,11779,2010
40,1,11780,2010
44,1,11780,2010
36,1,11780,2010
51,1,11781,2010
38,0,11781,2010
42,1,11781,2010
30,1,11782,2010
38,1,11782,2010
30,1,11782,2010
42,1,11783,2010
31,0,11783,2010
36,1,11784,2010
31,1,11784,2010
44,1,11784,2010
26,1,11785,2010
27,1,11785,2010
32,1,11785,2010
38,1,11785,2010
33,1,11786,2010
43,0,11786,2010
24,0,11786,2010
51,1,11787,2010
20,1,11787,2010
34,1,11787,2010
40,1,11787,2010
50,0,11787,2010
43,0,11787,2010
46,1,11787,2010
28,1,11788,2010
28,1,11788,2010
42,1,11788,2010
43,1,11788,2010
32,1,11789,2010
43,1,11789,2010
34,0,11789,2010
38,1,11790,2010
41,1,11790,2010
49,1,11790,2010
52,1,11790,2010
40,1,11791,2010
41,1,11791,2010
40,1,11792,2010
30,1,11792,2010
31,0,11792,2010
42,1,11792,2010
51,0,11793,2010
37,1,11793,2010
27,1,11793,2010
43,1,11793,2010
35,1,11793,2010
43,1,11794,2010
26,0,11794,2010
41,1,11794,2010
24,0,11794,2010
34,1,11795,2010
45,0,11795,2010
39,1,11796,2010
40,0,11796,2010
41,1,11797,2010
24,0,11797,2010
43,1,11798,2010
39,0,11798,2010
46,1,11798,2010
38,1,11798,2010
43,1,11798,2010
36,1,11799,2010
38,1,11800,2010
44,1,11800,2010
26,1,11800,2010
45,1,11800,2010
29,1,11801,2010
44,0,11801,2010
55,1,11802,2010
34,1,11802,2010
29,1,11802,2010
42,1,11802,2010
56,1,11802,2010
40,0,11802,2010
52,1,11803,2010
33,1,11803,2010
45,1,11803,2010
40,1,11804,2010
37,1,11805,2010
47,1,11805,2010
29,0,11805,2010
41,1,11805,2010
26,1,11806,2010
41,1,11806,2010
46,1,11807,2010
43,1,11807,2010
38,1,11807,2010
41,1,11807,2010
39,1,11808,2010
35,1,11808,2010
50,1,11808,2010
35,0,11809,2010
52,1,11809,2010
25,0,11809,2010
43,1,11809,2010
40,1,11810,2010
37,1,11810,2010
31,0,11810,2010
33,1,11811,2010
43,1,11811,2010
46,1,11811,2010
39,1,11812,2010
33,0,11812,2010
30,1,11813,2010
39,1,11813,2010
41,1,11813,2010
45,1,11813,2010
48,1,11813,2010
50,1,11813,2010
48,1,11814,2010
41,1,11814,2010
37,1,11814,2010
32,0,11814,2010
47,1,11814,2010
40,1,11815,2010
44,1,11815,2010
51,0,11815,2010
33,1,11816,2010
48,1,11816,2010
26,0,11816,2010
30,1,11816,2010
51,0,11817,2010
59,1,11817,2010
44,1,11817,2010
38,0,11817,2010
43,1,11817,2010
33,1,11817,2010
40,1,11818,2010
35,1,11818,2010
42,1,11818,2010
48,1,11818,2010
24,0,11818,2010
28,1,11819,2010
40,1,11819,2010
32,1,11819,2010
34,0,11819,2010
44,1,11819,2010
46,1,11819,2010
33,1,11820,2010
40,1,11821,2010
28,0,11821,2010
24,1,11822,2010
40,1,11822,2010
40,0,11822,2010
51,1,11822,2010
19,1,11823,2010
34,1,11823,2010
49,1,11823,2010
36,1,11823,2010
27,0,11825,2010
49,1,11825,2010
35,1,11825,2010
56,1,11825,2010
47,1,11825,2010
38,0,11826,2010
32,1,11827,2010
44,1,11827,2010
36,0,11827,2010
50,1,11828,2010
46,1,11828,2010
37,0,11829,2010
45,1,11829,2010
52,1,11830,2010
48,1,11830,2010
25,1,11831,2010
24,0,11831,2010
52,1,11831,2010
32,1,11832,2010
38,0,11832,2010
38,0,11832,2010
43,1,11833,2010
41,1,11833,2010
32,1,11833,2010
37,0,11834,2010
33,1,11834,2010
44,1,11834,2010
37,1,11834,2010
39,1,11834,2010
49,1,11834,2010
39,1,11835,2010
45,1,11835,2010
42,1,11835,2010
35,1,11836,2010
41,1,11836,2010
48,1,11836,2010
49,1,11836,2010
44,1,11837,2010
22,1,11838,2010
30,0,11838,2010
32,0,11838,2010
32,1,11839,2010
31,0,11839,2010
32,1,11839,2010
39,1,11839,2010
48,1,11839,2010
36,1,11839,2010
40,1,11839,2010
45,1,11840,2010
37,1,11840,2010
36,1,11840,2010
41,1,11842,2010
51,1,11842,2010
38,0,11842,2010
45,1,11842,2010
60,1,11843,2010
50,1,11843,2010
53,1,11844,2010
31,0,11844,2010
43,1,11844,2010
38,1,11845,2010
35,0,11845,2010
44,1,11845,2010
31,0,11845,2010
52,1,11846,2010
47,1,11846,2010
28,1,11846,2010
28,1,11848,2010
46,1,11848,2010
45,1,11849,2010
32,1,11849,2010
29,0,11849,2010
28,0,11849,2010
39,1,11849,2010
25,0,11849,2010
41,1,11850,2010
42,1,11850,2010
44,1,11850,2010
45,1,11850,2010
24,1,11851,2010
41,1,11851,2010
50,1,11851,2010
22,0,11851,2010
29,1,11851,2010
36,1,11852,2010
48,0,11852,2010
28,1,11852,2010
38,1,11852,2010
26,0,11852,2010
50,1,11852,2010
43,1,11852,2010
20,0,11852,2010
48,0,11852,2010
30,0,11853,2010
29,1,11853,2010
42,1,11853,2010
38,1,11854,2010
24,1,11854,2010
39,1,11854,2010
32,1,11855,2010
34,1,11855,2010
34,1,11855,2010
43,1,11855,2010
59,1,11856,2010
44,0,11856,2010
28,0,11856,2010
51,1,11856,2010
28,1,11857,2010
42,1,11857,2010
45,1,11857,2010
48,1,11857,2010
51,1,11858,2010
26,1,11859,2010
49,1,11859,2010
50,1,11859,2010
24,0,11859,2010
42,1,11860,2010
39,1,11860,2010
37,0,11861,2010
41,1,11861,2010
24,0,11861,2010
51,1,11861,2010
50,1,11862,2010
39,1,11862,2010
31,1,11863,2010
39,1,11863,2010
27,0,11863,2010
31,1,11864,2010
32,1,11864,2010
45,1,11864,2010
24,0,11865,2010
26,1,11865,2010
46,1,11865,2010
50,1,11865,2010
40,1,11865,2010
43,1,11866,2010
36,1,11867,2010
36,0,11867,2010
50,1,11867,2010
44,1,11868,2010
24,0,11868,2010
40,1,11869,2010
35,1,11869,2010
52,1,11869,2010
40,1,11869,2010
43,1,11869,2010
45,1,11869,2010
50,1,11869,2010
45,1,11870,2010
37,1,11870,2010
38,1,11870,2010
41,1,11870,2010
55,1,11870,2010
69,1,11870,2010
49,1,11871,2010
45,1,11872,2010
33,1,11872,2010
40,1,11873,2010
47,1,11873,2010
47,1,11873,2010
48,1,11874,2010
39,1,11874,2010
26,0,11874,2010
51,1,11874,2010
26,0,11874,2010
23,1,11874,2010
34,1,11875,2010
44,1,11875,2010
41,1,11875,2010
23,0,11875,2010
54,1,11875,2010
32,1,11876,2010
41,1,11877,2010
44,1,11877,2010
51,1,11877,2010
57,1,11877,2010
24,0,11877,2010
33,1,11878,2010
43,1,11878,2010
49,1,11878,2010
39,1,11879,2010
43,1,11879,2010
36,1,11880,2010
39,1,11880,2010
47,0,11880,2010
42,1,11880,2010
38,1,11881,2010
50,1,11881,2010
56,1,11881,2010
44,0,11883,2010
23,1,11883,2010
40,1,11883,2010
48,1,11883,2010
27,1,11884,2010
51,1,11884,2010
41,0,11884,2010
42,1,11885,2010
45,0,11885,2010
49,0,11885,2010
44,1,11886,2010
29,1,11886,2010
43,0,11887,2010
37,1,11887,2010
38,1,11888,2010
49,1,11888,2010
33,1,11888,2010
39,1,11888,2010
44,1,11888,2010
51,1,11888,2010
27,0,11888,2010
44,1,11889,2010
34,1,11889,2010
46,1,11889,2010
31,0,11889,2010
30,1,11889,2010
40,1,11890,2010
38,1,11890,2010
47,1,11891,2010
34,0,11892,2010
23,1,11893,2010
25,1,11893,2010
48,1,11893,2010
54,1,11894,2010
45,1,11894,2010
37,0,11894,2010
34,0,11894,2010
19,1,11895,2010
30,1,11895,2010
31,0,11895,2010
23,0,11895,2010
46,1,11895,2010
33,1,11896,2010
32,1,11896,2010
42,1,11896,2010
47,1,11896,2010
45,1,11896,2010
39,1,11896,2010
43,1,11896,2010
42,1,11896,2010
39,1,11897,2010
32,1,11897,2010
52,1,11897,2010
51,1,11897,2010
37,1,11897,2010
32,0,11898,2010
31,1,11898,2010
38,0,11899,2010
32,1,11899,2010
51,1,11899,2010
31,0,11899,2010
40,1,11900,2010
46,1,11900,2010
49,1,11900,2010
48,1,11901,2010
26,0,11901,2010
44,1,11901,2010
42,0,11902,2010
35,1,11902,2010
41,1,11902,2010
43,1,11902,2010
21,0,11902,2010
28,1,11903,2010
40,0,11903,2010
32,1,11904,2010
36,1,11904,2010
61,1,11904,2010
48,1,11904,2010
27,0,11904,2010
24,0,11904,2010
41,1,11904,2010
32,1,11905,2010
27,1,11905,2010
32,1,11905,2010
25,1,11905,2010
41,1,11905,2010
43,1,11905,2010
37,1,11905,2010
19,1,11906,2010
34,1,11906,2010
25,1,11906,2010
38,1,11906,2010
39,1,11907,2010
27,1,11908,2010
48,1,11909,2010
29,1,11909,2010
35,1,11909,2010
41,1,11909,2010
46,1,11910,2010
36,0,11910,2010
44,1,11910,2010
30,1,11911,2010
40,1,11911,2010
46,1,11911,2010
51,1,11911,2010
30,1,11913,2010
39,1,11913,2010
44,1,11913,2010
51,1,11913,2010
41,1,11913,2010
48,1,11913,2010
31,1,11914,2010
43,1,11914,2010
40,1,11914,2010
40,1,11914,2010
43,0,11914,2010
50,1,11916,2010
46,1,11916,2010
29,1,11916,2010
24,1,11917,2010
27,0,11917,2010
34,0,11917,2010
41,1,11918,2010
38,0,11918,2010
45,1,11918,2010
54,1,11919,2010
40,1,11919,2010
44,1,11919,2010
49,1,11919,2010
22,1,11920,2010
40,1,11920,2010
40,1,11920,2010
38,1,11920,2010
42,1,11920,2010
42,1,11920,2010
41,1,11921,2010
25,0,11921,2010
27,0,11921,2010
41,1,11922,2010
29,1,11922,2010
29,0,11922,2010
22,1,11923,2010
48,1,11923,2010
43,1,11923,2010
36,1,11923,2010
55,1,11924,2010
41,1,11924,2010
31,0,11924,2010
43,1,11924,2010
36,1,11925,2010
39,1,11925,2010
42,0,11926,2010
25,0,11926,2010
24,0,11926,2010
45,0,11927,2010
44,1,11927,2010
43,1,11927,2010
54,1,11927,2010
28,0,11927,2010
27,0,11927,2010
41,0,11928,2010
39,1,11929,2010
47,1,11929,2010
39,1,11929,2010
44,1,11929,2010
43,1,11929,2010
51,1,11929,2010
22,0,11929,2010
50,1,11929,2010
44,1,11929,2010
33,1,11930,2010
46,1,11930,2010
37,0,11930,2010
41,1,11930,2010
43,1,11931,2010
42,1,11931,2010
41,1,11931,2010
48,1,11931,2010
26,0,11931,2010
31,1,11932,2010
44,1,11932,2010
33,1,11933,2010
23,1,11933,2010
40,1,11933,2010
44,1,11934,2010
26,0,11934,2010
24,1,11935,2010
35,1,11935,2010
35,1,11935,2010
26,1,11937,2010
37,1,11937,2010
45,1,11937,2010
40,1,11937,2010
47,1,11937,2010
46,1,11938,2010
35,1,11938,2010
45,1,11938,2010
29,0,11939,2010
53,1,11939,2010
44,1,11939,2010
40,1,11939,2010
48,1,11939,2010
24,0,11939,2010
34,1,11940,2010
35,1,11940,2010
35,1,11941,2010
28,1,11941,2010
43,1,11941,2010
39,1,11941,2010
46,1,11941,2010
30,0,11941,2010
53,1,11942,2010
53,1,11942,2010
37,1,11942,2010
50,1,11942,2010
40,0,11942,2010
33,1,11943,2010
50,1,11943,2010
23,1,11944,2010
34,1,11944,2010
32,0,11944,2010
41,0,11944,2010
49,1,11944,2010
52,1,11944,2010
46,1,11945,2010
49,1,11946,2010
51,1,11946,2010
50,1,11947,2010
38,1,11947,2010
52,1,11947,2010
39,0,11947,2010
36,1,11948,2010
30,0,11948,2010
30,0,11949,2010
41,1,11949,2010
46,0,11949,2010
53,1,11949,2010
21,1,11950,2010
46,1,11950,2010
41,1,11950,2010
43,1,11950,2010
45,0,11950,2010
42,1,11950,2010
37,1,11951,2010
24,0,11951,2010
50,1,11952,2010
49,1,11952,2010
38,1,11952,2010
18,0,11952,2010
24,0,11952,2010
48,1,11953,2010
40,1,11953,2010
44,1,11953,2010
27,1,11954,2010
34,1,11954,2010
20,1,11954,2010
36,1,11954,2010
38,1,11954,2010
39,1,11954,2010
44,1,11954,2010
30,0,11954,2010
50,1,11955,2010
29,1,11955,2010
42,1,11956,2010
60,1,11956,2010
43,1,11956,2010
45,1,11956,2010
53,1,11957,2010
41,0,11957,2010
42,1,11958,2010
32,0,11958,2010
31,0,11958,2010
49,0,11958,2010
40,0,11958,2010
48,1,11958,2010
36,1,11959,2010
35,1,11959,2010
29,0,11959,2010
53,1,11960,2010
39,1,11960,2010
40,1,11960,2010
39,1,11961,2010
47,1,11961,2010
55,1,11961,2010
43,1,11961,2010
39,1,11961,2010
26,0,11961,2010
25,1,11962,2010
29,0,11962,2010
33,1,11962,2010
47,1,11963,2010
46,1,11963,2010
40,1,11963,2010
41,1,11963,2010
25,0,11963,2010
48,1,11964,2010
43,1,11964,2010
47,1,11965,2010
44,1,11965,2010
20,0,11965,2010
49,1,11965,2010
32,0,11965,2010
40,1,11966,2010
39,1,11966,2010
40,1,11966,2010
45,1,11966,2010
48,1,11966,2010
37,1,11967,2010
28,1,11967,2010
46,1,11967,2010
50,1,11968,2010
33,1,11968,2010
33,0,11968,2010
46,0,11968,2010
32,0,11968,2010
42,1,11969,2010
36,1,11969,2010
40,1,11970,2010
59,1,11970,2010
48,1,11970,2010
21,1,11971,2010
47,1,11971,2010
41,1,11971,2010
19,0,11971,2010
40,0,11971,2010
31,1,11972,2010
40,1,11972,2010
41,1,11972,2010
46,0,11972,2010
40,1,11972,2010
43,1,11972,2010
32,0,11972,2010
46,0,11972,2010
55,1,11973,2010
39,1,11973,2010
40,1,11973,2010
27,0,11973,2010
36,1,11974,2010
44,1,11974,2010
46,1,11975,2010
51,1,11976,2010
41,1,11977,2010
51,1,11977,2010
29,0,11977,2010
40,0,11978,2010
29,0,11978,2010
44,1,11978,2010
46,1,11978,2010
48,1,11979,2010
47,1,11979,2010
42,1,11980,2010
46,1,11980,2010
32,1,11981,2010
39,1,11981,2010
36,1,11982,2010
38,1,11982,2010
42,1,11982,2010
40,1,11982,2010
43,1,11982,2010
45,1,11983,2010
36,1,11983,2010
37,1,11984,2010
46,1,11984,2010
35,0,11984,2010
46,1,11984,2010
19,1,11985,2010
51,1,11985,2010
45,1,11985,2010
41,0,11985,2010
43,1,11985,2010
42,1,11987,2010
18,1,11988,2010
38,1,11988,2010
52,1,11988,2010
44,1,11988,2010
40,1,11988,2010
47,1,11988,2010
52,1,11988,2010
37,1,11988,2010
27,1,11989,2010
31,1,11989,2010
34,0,11989,2010
41,1,11989,2010
43,1,11989,2010
27,0,11989,2010
56,1,11989,2010
48,1,11990,2010
34,1,11990,2010
35,1,11990,2010
48,1,11990,2010
46,0,11990,2010
27,0,11991,2010
50,1,11991,2010
54,1,11991,2010
40,1,11991,2010
31,0,11991,2010
55,1,11991,2010
29,0,11991,2010
38,1,11992,2010
55,1,11992,2010
38,0,11992,2010
49,1,11993,2010
27,0,11993,2010
33,1,11994,2010
50,1,11994,2010
34,1,11994,2010
47,1,11994,2010
47,1,11994,2010
50,1,11994,2010
47,1,11994,2010
50,0,11994,2010
36,1,11995,2010
42,1,11995,2010
44,1,11996,2010
49,1,11996,2010
48,1,11996,2010
39,1,11997,2010
42,1,11997,2010
38,1,11997,2010
35,1,11997,2010
42,1,11997,2010
41,1,11998,2010
26,0,11998,2010
45,1,11999,2010
29,1,11999,2010
33,1,11999,2010
59,1,11999,2010
20,1,12000,2010
42,1,12000,2010
34,0,12000,2010
38,1,12000,2010
34,0,12001,2010
45,1,12001,2010
47,1,12001,2010
42,1,12001,2010
51,1,12001,2010
38,1,12002,2010
47,1,12002,2010
25,0,12002,2010
38,1,12003,2010
28,0,12003,2010
49,1,12004,2010
37,0,12004,2010
33,0,12004,2010
40,1,12004,2010
36,0,12004,2010
22,0,12004,2010
43,1,12006,2010
49,1,12006,2010
43,1,12007,2010
53,1,12007,2010
46,1,12007,2010
46,0,12008,2010
44,1,12008,2010
27,0,12008,2010
52,1,12008,2010
51,0,12008,2010
29,0,12009,2010
41,1,12009,2010
41,1,12009,2010
38,1,12010,2010
32,0,12010,2010
40,1,12010,2010
48,1,12010,2010
29,0,12010,2010
31,1,12012,2010
38,0,12013,2010
54,1,12013,2010
41,1,12013,2010
46,1,12013,2010
41,1,12013,2010
33,1,12014,2010
40,1,12014,2010
50,1,12014,2010
48,1,12015,2010
45,1,12015,2010
40,1,12015,2010
42,1,12015,2010
50,1,12015,2010
42,1,12016,2010
45,1,12016,2010
35,1,12016,2010
48,1,12016,2010
27,0,12016,2010
33,1,12016,2010
38,1,12017,2010
31,1,12017,2010
24,1,12017,2010
26,1,12017,2010
24,1,12017,2010
47,1,12017,2010
45,0,12018,2010
44,1,12018,2010
45,1,12018,2010
37,1,12019,2010
42,1,12019,2010
47,1,12019,2010
50,1,12019,2010
43,1,12020,2010
48,1,12020,2010
35,1,12020,2010
30,0,12020,2010
39,1,12021,2010
45,1,12021,2010
44,1,12021,2010
51,1,12021,2010
47,1,12021,2010
46,1,12021,2010
48,0,12022,2010
48,1,12022,2010
54,1,12022,2010
43,0,12022,2010
45,1,12022,2010
39,1,12022,2010
51,1,12023,2010
43,1,12023,2010
23,0,12023,2010
43,1,12023,2010
41,1,12024,2010
39,1,12024,2010
40,1,12024,2010
45,1,12025,2010
41,1,12025,2010
37,1,12026,2010
62,1,12026,2010
26,0,12027,2010
44,1,12029,2010
43,1,12029,2010
47,0,12029,2010
38,1,12030,2010
25,1,12030,2010
39,1,12030,2010
43,1,12030,2010
45,1,12030,2010
27,1,12031,2010
40,1,12031,2010
47,0,12031,2010
40,0,12031,2010
42,1,12032,2010
46,1,12032,2010
48,1,12032,2010
58,1,12033,2010
18,1,12033,2010
40,1,12033,2010
41,1,12033,2010
22,0,12033,2010
41,0,12033,2010
46,1,12034,2010
34,1,12034,2010
28,0,12034,2010
33,0,12034,2010
49,1,12034,2010
31,0,12034,2010
25,1,12036,2010
36,1,12036,2010
35,0,12036,2010
45,1,12036,2010
51,1,12037,2010
43,1,12037,2010
38,1,12037,2010
30,0,12037,2010
40,1,12038,2010
29,1,12039,2010
43,1,12039,2010
42,1,12039,2010
32,1,12040,2010
24,1,12040,2010
46,1,12040,2010
41,1,12040,2010
30,0,12040,2010
24,1,12040,2010
40,1,12041,2010
41,1,12041,2010
43,1,12041,2010
46,1,12041,2010
48,1,12042,2010
30,1,12042,2010
46,1,12042,2010
43,1,12042,2010
22,0,12042,2010
59,0,12042,2010
26,0,12043,2010
25,1,12043,2010
32,1,12043,2010
26,0,12044,2010
21,0,12044,2010
26,0,12044,2010
33,1,12045,2010
24,1,12045,2010
48,1,12045,2010
48,1,12045,2010
32,0,12046,2010
49,1,12046,2010
53,1,12046,2010
50,1,12047,2010
40,1,12047,2010
48,0,12047,2010
35,1,12048,2010
41,1,12048,2010
51,1,12048,2010
49,1,12048,2010
43,1,12048,2010
32,0,12049,2010
51,1,12049,2010
30,0,12049,2010
50,1,12049,2010
44,0,12049,2010
45,1,12049,2010
28,0,12050,2010
40,1,12050,2010
38,0,12050,2010
54,1,12050,2010
39,1,12051,2010
42,1,12052,2010
28,0,12052,2010
40,1,12053,2010
44,0,12053,2010
43,1,12054,2010
44,1,12054,2010
27,0,12054,2010
55,1,12054,2010
45,1,12054,2010
32,0,12054,2010
41,1,12055,2010
48,1,12055,2010
44,1,12055,2010
36,0,12055,2010
28,0,12055,2010
43,1,12056,2010
32,0,12056,2010
41,0,12056,2010
31,1,12057,2010
27,1,12057,2010
51,1,12057,2010
38,1,12058,2010
39,1,12058,2010
25,0,12058,2010
27,1,12059,2010
44,1,12059,2010
27,1,12059,2010
26,1,12059,2010
55,1,12059,2010
40,1,12059,2010
29,0,12059,2010
44,0,12060,2010
40,1,12060,2010
36,0,12060,2010
41,0,12061,2010
27,0,12061,2010
21,0,12061,2010
21,1,12062,2010
36,1,12062,2010
47,1,12063,2010
46,1,12063,2010
35,1,12063,2010
30,1,12064,2010
28,0,12064,2010
25,0,12064,2010
27,0,12064,2010
35,0,12064,2010
41,1,12065,2010
42,0,12065,2010
46,1,12065,2010
29,0,12065,2010
38,1,12066,2010
27,0,12066,2010
44,1,12066,2010
60,1,12066,2010
36,0,12066,2010
39,1,12067,2010
35,1,12067,2010
24,0,12067,2010
43,1,12067,2010
50,1,12068,2010
49,1,12068,2010
37,0,12069,2010
49,1,12069,2010
22,1,12070,2010
49,1,12070,2010
61,1,12070,2010
49,1,12070,2010
31,1,12071,2010
41,1,12071,2010
42,1,12072,2010
32,1,12072,2010
46,1,12072,2010
45,0,12072,2010
46,1,12072,2010
41,1,12072,2010
24,1,12073,2010
25,1,12073,2010
31,1,12073,2010
30,0,12073,2010
44,1,12074,2010
47,1,12074,2010
26,0,12074,2010
22,1,12074,2010
38,0,12075,2010
36,1,12075,2010
48,1,12075,2010
28,1,12075,2010
40,0,12076,2010
37,1,12076,2010
52,1,12076,2010
43,1,12076,2010
27,1,12077,2010
47,0,12077,2010
46,1,12077,2010
44,1,12077,2010
25,0,12077,2010
26,0,12078,2010
49,1,12078,2010
50,1,12078,2010
26,1,12079,2010
38,1,12080,2010
28,0,12080,2010
44,1,12080,2010
45,1,12080,2010
46,1,12081,2010
57,1,12081,2010
37,1,12082,2010
28,1,12082,2010
47,1,12082,2010
43,1,12082,2010
30,0,12082,2010
54,1,12083,2010
30,0,12083,2010
50,1,12084,2010
51,1,12085,2010
42,0,12085,2010
35,1,12086,2010
40,1,12086,2010
51,1,12087,2010
28,1,12087,2010
40,1,12087,2010
29,1,12088,2010
39,1,12088,2010
49,0,12089,2010
44,1,12089,2010
39,1,12089,2010
30,0,12089,2010
44,1,12090,2010
40,1,12090,2010
40,1,12091,2010
26,0,12091,2010
35,1,12092,2010
46,1,12092,2010
41,1,12092,2010
28,0,12092,2010
59,1,12093,2010
49,1,12093,2010
35,1,12094,2010
44,1,12094,2010
44,1,12095,2010
28,0,12095,2010
42,1,12095,2010
49,1,12095,2010
50,1,12095,2010
40,1,12096,2010
44,1,12097,2010
27,0,12097,2010
46,1,12097,2010
44,1,12098,2010
30,1,12099,2010
57,1,12100,2010
61,1,12100,2010
43,0,12101,2010
46,1,12101,2010
49,1,12101,2010
51,1,12101,2010
31,0,12101,2010
34,1,12102,2010
50,1,12102,2010
42,1,12102,2010
35,1,12103,2010
43,1,12103,2010
51,1,12103,2010
22,1,12104,2010
31,1,12104,2010
31,0,12104,2010
24,0,12104,2010
30,0,12104,2010
25,1,12105,2010
50,1,12105,2010
41,1,12105,2010
45,1,12105,2010
36,1,12105,2010
36,0,12106,2010
41,1,12106,2010
28,1,12107,2010
35,0,12107,2010
40,0,12107,2010
50,1,12107,2010
53,1,12107,2010
50,1,12108,2010
46,1,12108,2010
39,0,12108,2010
40,0,12108,2010
44,1,12109,2010
35,1,12109,2010
52,1,12109,2010
31,0,12110,2010
22,1,12111,2010
45,1,12111,2010
36,0,12111,2010
21,1,12112,2010
31,1,12112,2010
57,1,12112,2010
41,1,12113,2010
58,1,12114,2010
35,1,12114,2010
45,1,12114,2010
47,1,12114,2010
48,1,12115,2010
36,1,12115,2010
27,1,12116,2010
39,1,12116,2010
46,1,12116,2010
55,1,12116,2010
23,0,12116,2010
58,1,12117,2010
42,1,12118,2010
44,1,12119,2010
51,1,12119,2010
29,0,12119,2010
32,1,12120,2010
28,1,12120,2010
39,1,12120,2010
51,1,12120,2010
52,1,12120,2010
36,1,12121,2010
38,1,12121,2010
41,1,12121,2010
42,1,12121,2010
43,1,12122,2010
32,0,12122,2010
31,1,12122,2010
25,1,12123,2010
29,1,12123,2010
36,1,12123,2010
37,1,12123,2010
41,1,12123,2010
42,1,12123,2010
42,1,12123,2010
46,1,12123,2010
46,1,12123,2010
47,1,12123,2010
24,1,12124,2010
40,1,12124,2010
43,1,12124,2010
43,1,12124,2010
46,1,12124,2010
48,1,12125,2010
57,1,12125,2010
46,1,12125,2010
48,1,12125,2010
45,1,12126,2010
37,0,12126,2010
33,1,12127,2010
52,1,12127,2010
32,1,12128,2010
31,0,12128,2010
28,0,12128,2010
43,1,12128,2010
33,1,12129,2010
40,1,12129,2010
39,1,12129,2010
38,0,12130,2010
23,0,12130,2010
49,1,12131,2010
46,1,12132,2010
46,1,12132,2010
46,1,12132,2010
45,1,12132,2010
41,0,12132,2010
29,1,12133,2010
45,1,12133,2010
48,1,12133,2010
46,1,12133,2010
59,1,12133,2010
44,1,12134,2010
48,1,12134,2010
47,1,12134,2010
45,1,12134,2010
30,1,12134,2010
34,0,12135,2010
43,1,12135,2010
58,1,12135,2010
62,1,12135,2010
29,0,12135,2010
49,1,12135,2010
24,1,12136,2010
39,1,12136,2010
45,1,12136,2010
24,0,12136,2010
44,1,12136,2010
30,0,12136,2010
37,0,12137,2010
47,1,12137,2010
28,0,12137,2010
46,1,12138,2010
30,0,12139,2010
35,1,12140,2010
48,1,12141,2010
38,1,12141,2010
45,1,12141,2010
20,1,12141,2010
31,1,12141,2010
37,1,12142,2010
46,1,12142,2010
31,1,12143,2010
41,1,12143,2010
43,1,12143,2010
46,1,12143,2010
50,1,12143,2010
55,1,12143,2010
35,1,12144,2010
50,1,12144,2010
52,1,12144,2010
37,1,12145,2010
41,1,12145,2010
50,1,12145,2010
49,1,12145,2010
46,1,12145,2010
52,1,12145,2010
39,1,12146,2010
39,1,12146,2010
48,1,12146,2010
33,1,12146,2010
31,0,12147,2010
48,1,12147,2010
45,1,12147,2010
23,0,12147,2010
36,1,12148,2010
36,1,12148,2010
41,1,12148,2010
40,0,12148,2010
42,1,12149,2010
45,1,12149,2010
24,0,12149,2010
29,0,12149,2010
28,0,12149,2010
26,0,12150,2010
41,1,12150,2010
32,1,12150,2010
20,1,12150,2010
22,1,12150,2010
24,0,12151,2010
34,1,12151,2010
56,1,12151,2010
47,1,12151,2010
23,0,12151,2010
24,0,12152,2010
42,1,12152,2010
39,1,12152,2010
30,0,12152,2010
42,1,12152,2010
68,1,12152,2010
49,1,12152,2010
37,0,12152,2010
33,1,12153,2010
36,1,12153,2010
36,1,12153,2010
49,1,12153,2010
43,1,12153,2010
46,1,12154,2010
48,1,12154,2010
50,1,12155,2010
45,0,12155,2010
55,1,12155,2010
32,1,12156,2010
43,1,12156,2010
40,0,12156,2010
30,0,12156,2010
45,1,12157,2010
31,1,12157,2010
53,1,12157,2010
49,1,12157,2010
40,1,12158,2010
29,0,12158,2010
45,1,12158,2010
48,1,12158,2010
23,0,12158,2010
52,1,12158,2010
29,1,12159,2010
36,1,12159,2010
29,1,12159,2010
24,0,12159,2010
38,1,12159,2010
40,1,12159,2010
46,1,12159,2010
35,0,12159,2010
21,1,12160,2010
45,1,12160,2010
54,1,12160,2010
50,1,12161,2010
23,1,12161,2010
47,1,12161,2010
51,1,12161,2010
49,1,12162,2010
